Cites,Authors,Title,Year,Source,Publisher,ArticleURL,CitesURL,GSRank,QueryDate,Type,DOI,ISSN,CitationURL,Volume,Issue,StartPage,EndPage,ECC,CitesPerYear,CitesPerAuthor,AuthorCount,Age,Abstract,FullTextURL,RelatedURL
15,"Jonathan Benchimol, Sophia Kazinnik, Yossi Saadon","Federal Reserve Communication and the COVID‐19 Pandemic",2025,"Manchester School","Wiley","https://doi.org/10.1111/manc.12520","",1,"2026-02-04 12:30:38","article","10.1111/manc.12520","1463-6786",,93,5,464,484,15,15.00,5,3,1,"ABSTRACT In this study, we examine the Federal Reserve's communication strategies during the COVID‐19 pandemic, comparing them with communication during previous periods of economic stress. Using specialized dictionaries tailored to COVID‐19, unconventional monetary policy (UMP), and financial stability, combined with sentiment analysis and topic modeling techniques, we identify a distinct focus in Fed communication during the pandemic on financial stability, market volatility, social welfare, and UMP, characterized by notable contextual uncertainty. Through comparative analysis, we juxtapose the Fed's communication during the COVID‐19 crisis with its responses during the dot‐com and global financial crises, examining content, sentiment, and timing dimensions. Our findings reveal that Fed communication and policy actions were more reactive to the COVID‐19 crisis than to previous crises. Additionally, declining sentiment related to financial stability in interest rate announcements and minutes anticipated subsequent accommodative monetary policy decisions. We further document that communicating about UMP has become the “new normal” for the Fed's Federal Open Market Committee meeting minutes and Chairman's speeches since the Global Financial Crisis, reflecting an institutional adaptation in communication strategy following periods of economic distress. These findings contribute to our understanding of how central bank communication evolves during crises and how communication strategies adapt to exceptional economic circumstances.","https://arxiv.org/pdf/2508.04830",""
11,"Emanuele Campiglio, Jérôme Deyris, Davide Romelli, Ginevra Scalisi","Warning words in a warming world: Central bank communication and climate change",2025,"European Economic Review","Elsevier BV","https://doi.org/10.1016/j.euroecorev.2025.105101","",2,"2026-02-04 12:30:38","article","10.1016/j.euroecorev.2025.105101","0014-2921",,178,,105101,105101,11,11.00,3,4,1,"We study climate-related central bank communication using a novel dataset containing 35,487 speeches delivered by 131 central banks from 1986 to 2023. We employ natural language processing techniques to identify and trace the evolution of key climate-related narratives centred around (i) green finance, and (ii) climate-related financial risks. We find that central bank public communication strategies are primarily driven by underlying institutional factors, rather than exposure to climate-related risks. We then study the impact of climate-related communication on financial market dynamics through both a portfolio and a firm-level analysis. We find that equity returns of ‘green’ firms outperform those of ‘dirty’ firms when central banks engage more frequently and intensely with climate-related topics.","https://doi.org/10.1016/j.euroecorev.2025.105101",""
6,"Ina Hajdini, Adam Hale Shapiro, Andrew Lee Smith, Daniel Villar Vallenas","Inflation since the Pandemic: Lessons and Challenges",2025,"Finance and Economics Discussion Series","","https://doi.org/10.17016/feds.2025.070","",3,"2026-02-04 12:30:38","article","10.17016/feds.2025.070","1936-2854",,,2025,1,1,6,6.00,2,4,1,"This paper reviews the drivers of the post-pandemic U.S. inflation surge and subsequent decline, including the behavior and role of inflation expectations. The sharp rise in inflation reflected severe imbalances between supply and demand stemming from the shocks of the pandemic and the policy response. Measures of short-term inflation expectations increased alongside realized inflation, especially those of households and firms, which may have contributed to inflation’s persistence through price- and wage-setting behavior. However, measures of longer-term inflation expectations remained generally well anchored, which likely prevented a larger or more lasting increase in inflation. The stability of longer-term inflation expectations, together with easing supply and demand imbalances, allowed inflation to fall from its peak in mid-2022 without a large increase in unemployment. We conclude by reviewing some lessons learned from this episode as well as potential risks to inflation going forward.","https://www.federalreserve.gov/econres/feds/files/2025070pap.pdf",""
5,"Pei Kuang, Michael Weber, Shihan Xie","Central Bank Communication with the Polarized Public",2025,"","","https://doi.org/10.3386/w33524","",4,"2026-02-04 12:30:38","report","10.3386/w33524","",,,,,,5,5.00,2,3,1,"","https://doi.org/10.3386/w33524",""
4,"Richard K. Crump, Stefano Eusepi, Emanuel Moench, Bruce Preston","How Do We Learn About the Long Run?",2025,"Staff reports","","https://doi.org/10.59576/sr.1150","",5,"2026-02-04 12:30:38","report","10.59576/sr.1150","2836-3817",,,,,,4,4.00,1,4,1,"Using a novel and unique panel dataset of individual-level professional forecasts at short, medium, and very-long horizons, we provide new stylized facts about survey forecasts. We present direct evidence that forecasters use multivariate models in an environment with imperfect information about the current state, leading to heterogenous non-stationary expectations about the long run. We show forecast revisions are consistent with the predictions of a multivariate unobserved trend and cycle model. Our results suggest models of expectations formation which are either univariate, stationary, or both, are inherently misspecified and that macroeconomic modelling should reconsider the conventional assumption that agents operate in a well-understood stationary environment.","https://doi.org/10.59576/sr.1150",""
4,"Takatoshi Ito","Understanding the Normalization of the Japanese Economy",2025,"Asian Economic Policy Review","Wiley","https://doi.org/10.1111/aepr.12519","",6,"2026-02-04 12:30:38","article","10.1111/aepr.12519","1748-3131",,20,2,187,202,4,4.00,4,1,1,"ABSTRACT This paper focuses on three aspects of the Japanese economy that deviated from “normalcy”—unconventional monetary policy, unsustainable fiscal policy, and declining growth and productivity. Non‐normality in Japan has developed over the past few decades, but has become more prominent during the Abenomics years starting in 2013. Regaining normalcy in monetary policy requires a gradual increase in the policy interest rate to the neutral interest rate, achieving a 2% inflation rate, and reducing the Bank of Japan's balance sheet by quantitative tightening. Regaining normalcy in fiscal policy requires reducing government fiscal deficits, which tend to ratchet up as the country experiences a crisis. This fiscal tightening has to be done in an environment where monetary normalization proceeds. Japan's per capita GDP relative to other countries has declined over the last three decades. Japan's per capita GDP relative to that of the US in 2025 is about that of 1980. Similarly, the yen's purchasing power in 2025 is similar to what it was in the early 1970s. Japan has become poorer since the mid‐1990s. To prevent Japan from further sliding back into the emerging market group, the government has to promote research and development in high‐value‐added technologies.","https://onlinelibrary.wiley.com/doi/pdfdirect/10.1111/aepr.12519",""
4,"Martin Baumgärtner, Johannes Zahner","Whatever it takes to understand a central banker — Embedding their words using neural networks",2025,"Journal of International Economics","Elsevier BV","https://doi.org/10.1016/j.jinteco.2025.104101","",7,"2026-02-04 12:30:38","article","10.1016/j.jinteco.2025.104101","0022-1996",,157,,104101,104101,4,4.00,2,2,1,"","https://www.econstor.eu/bitstream/10419/280939/1/1876989661.pdf",""
3,"Carola Binder, Pascal Frank, Jane Ryngaert","The Causal Effect of News on Inflation Expectations",2025,"","","https://doi.org/10.3386/w34088","",8,"2026-02-04 12:30:38","report","10.3386/w34088","",,,,,,3,3.00,1,3,1,"","https://doi.org/10.3386/w34088",""
3,"Oğuzhan Çepni, Rangan Gupta, Jacobus Nel, Joshua Nielsen","Monetary policy shocks and multi-scale positive and negative bubbles in an emerging country: the case of India",2025,"Financial Innovation","Springer Nature","https://doi.org/10.1186/s40854-024-00692-6","",9,"2026-02-04 12:30:38","article","10.1186/s40854-024-00692-6","2199-4730",,11,1,,,3,3.00,1,4,1,"","https://jfin-swufe.springeropen.com/counter/pdf/10.1186/s40854-024-00692-6",""
3,"Matthew DiGiuseppe, Ana Carolina Garriga, Andreas Kern","Information, Party Politics, and Public Support for Central Bank Independence",2025,"","","https://doi.org/10.31235/osf.io/trpgz_v1","",10,"2026-02-04 12:30:38","preprint","10.31235/osf.io/trpgz_v1","",,,,,,3,3.00,1,3,1,"Why do citizens support central bank independence (CBI)? Despite important research on economic and political reasons to grant independence to central banks, we know little about what the public thinks about CBI. This is important given citizens' potential role in constraining politicians' ability to alter CBI. We hypothesize that support for CBI is influenced by citizens' limited understanding of central bank governance and their beliefs about who will gain control over monetary policy if independence is reduced. Our expectations are confirmed by a preregistered survey experiment and a pre-post-election test in the U.S. Support for CBI increases when respondents learn that the President would gain more influence if independence was reduced. This support decreases when respondents expect a co-partisan to lead the executive branch. These findings shed light on the legitimacy basis of monetary institutions in politically polarized contexts and, from a policy perspective, indicate the limits of central bank communication.","https://doi.org/10.31235/osf.io/trpgz_v1",""
3,"María José Arteaga Garavito, Riccardo Colacito, Mariano Massimiliano Croce, Biao Yang","International Climate News",2025,"","","https://doi.org/10.3386/w34084","",11,"2026-02-04 12:30:38","report","10.3386/w34084","",,,,,,3,3.00,1,4,1,"","https://doi.org/10.3386/w34084",""
3,"Olivier Coibion, Yuriy Gorodnichenko","Inflation, Expectations and Monetary Policy: What Have We Learned and to What End?",2025,"","","https://doi.org/10.3386/w33858","",12,"2026-02-04 12:30:38","report","10.3386/w33858","",,,,,,3,3.00,2,2,1,"","https://doi.org/10.3386/w33858",""
3,"Thiago Christiano Silva, Kei Moriya, Romain Veyrune","From Text to Quantified Insights",2025,"IMF Working Paper","International Monetary Fund","https://doi.org/10.5089/9798229013802.001","",13,"2026-02-04 12:30:38","article","10.5089/9798229013802.001","1018-5941",,2025,109,1,1,3,3.00,1,3,1,"This paper introduces a classification framework to analyze central bank communications across four dimensions: topic, communication stance, sentiment, and audience. Using a fine-tuned large language model trained on central bank documents, we classify individual sentences to transform policy language into systematic and quantifiable metrics on how central banks convey information to diverse stakeholders. Applied to a multilingual dataset of 74,882 documents from 169 central banks spanning 1884 to 2025, this study delivers the most comprehensive empirical analysis of central bank communication to date. Monetary policy communication changes significantly with inflation targeting, as backward-looking exchange rate discussions give way to forward-looking statements on inflation, interest rates, and economic conditions. We develop a directional communication index that captures signals about future policy rate changes and unconventional measures, including forward guidance and balance sheet operations. This unified signal helps explain future movements in market rates. While tailoring messages to audiences is often asserted, we offer the first systematic quantification of this practice. Audience-specific risk communication has remained stable for decades, suggesting a structural and deliberate tone. Central banks adopt neutral, fact-based language with financial markets, build confidence with the public, and highlight risks to governments. During crises, however, this pattern shifts remarkably: confidence-building rises in communication to the financial sector and government, while risk signaling increases for other audiences. Forward-looking risk communication also predicts future market volatility, demonstrating that central bank language plays a dual role across monetary and financial stability channels. Together, these findings provide novel evidence that communication is an active policy tool for steering expectations and shaping economic and financial conditions.","https://doi.org/10.5089/9798229013802.001",""
2,"Michael Pedersen, Karla Pérez","Financial literacy and the impact of central bank communication on consumer inflation expectations",2025,"Borsa Istanbul Review","Elsevier BV","https://doi.org/10.1016/j.bir.2025.09.002","",14,"2026-02-04 12:30:38","article","10.1016/j.bir.2025.09.002","2214-8450",,25,,53,58,2,2.00,1,2,1,"This study examines how financial literacy influences the formation of household inflation expectations in response to central bank communication. Using sentiment analysis of FOMC statements and microdata from the New York Fed's Survey of Consumer Expectations, our analysis finds that individuals with higher financial literacy, particularly strong numeracy, respond more moderately to shifts in monetary policy tone. While hawkish statements are generally associated with higher inflation expectations and dovish statements with lower expectations, consistent with a Fed information effect, this relationship is significantly less pronounced among financially literate respondents. Our results suggest that numeracy, rather than general financial knowledge, explains differences in responsiveness. Our findings emphasize the role of cognitive ability in shaping how individuals interpret monetary policy signals. From a policy perspective, promoting numeracy through financial education may improve expectation formation and support more effective transmission of monetary policy.","https://doi.org/10.1016/j.bir.2025.09.002",""
2,"Mathias Hoffmann, Emanuel Moench, Lora Pavlova, Guido Schultefrankenfeld","A KISS for Central Bank Communication in Times of High Inflation",2025,"SSRN Electronic Journal","RELX Group (Netherlands)","https://doi.org/10.2139/ssrn.5275846","",15,"2026-02-04 12:30:38","preprint","10.2139/ssrn.5275846","1556-5068",,,,,,2,2.00,1,4,1,"","https://doi.org/10.2139/ssrn.5275846",""
2,"Carola Binder, Cody Couture, Abhiprerna Smit","Partisan Trust in the Federal Reserve",2025,"","","https://doi.org/10.3386/w33684","",16,"2026-02-04 12:30:38","report","10.3386/w33684","",,,,,,2,2.00,1,3,1,"","https://doi.org/10.3386/w33684",""
2,"Carola Binder","Central Banks as Educators",2025,"","","https://doi.org/10.3386/w34002","",17,"2026-02-04 12:30:38","report","10.3386/w34002","",,,,,,2,2.00,2,1,1,"","https://doi.org/10.3386/w34002",""
1,"Michael T. Kiley, Frederic S. Mishkin","Central Banking Post Crises",2025,"Oxford University Press eBooks","Oxford University Press","https://doi.org/10.1093/oxfordhb/9780198897071.013.26","",18,"2026-02-04 12:30:38","book-chapter","10.1093/oxfordhb/9780198897071.013.26","",,,,662,710,1,1.00,1,2,1,"Abstract The world economy has experienced the largest financial crisis in generations, a global pandemic, and a resurgence in inflation during the first quarter of the 21st century, yielding important insights for central banking. Price stability has important benefits and is the responsibility of a central bank. Achieving price stability in a complex and uncertain environment involves a credible commitment to a nominal anchor with a strong response to inflation and pre-emptive leaning against an overheating economy. Associated challenges imply that central bank communication and transparency are key elements of monetary policy strategies and tactics. Crises have emphasized the role of central banks in promoting financial stability, as financial stability is key to achieving price and economic stability, but this role increases risks to independence. Goals for central banks other than price and economic stability, complemented by financial stability, can be problematic.","",""
1,"Mirko Heinzel, Andreas Kern, Saliha Metinsoy, Bernhard Reinsberg","Public Support for Green, Inclusive, and Resilient Growth Conditionality in International Monetary Fund Bailouts",2025,"International Studies Quarterly","Oxford University Press","https://doi.org/10.1093/isq/sqaf018","",19,"2026-02-04 12:30:38","article","10.1093/isq/sqaf018","0020-8833",,69,2,,,1,1.00,0,4,1,"Abstract The International Monetary Fund (IMF) has recently expanded its policy scope to include a broader set of policies to promote green, inclusive, and resilient growth. How does this expansion affect the support for the IMF and its loans among the populations of borrowing countries? We conducted a pre-registered survey experiment with 2,694 respondents from three borrower countries—Argentina, Kenya, and Pakistan. We show that support for IMF programs increases by approximately 24 percent compared to traditional programs when the IMF includes good governance, anti-poverty, climate change, and gender equality measures in its programs. Our results imply that people do not uniformly reject the imposition of policies of global governance institutions but have well-defined preferences over policy measures. Our findings contribute to debates on the backlash against international institutions by highlighting that citizens are willing to accept sovereignty intrusion when they push for policy goals aligned with their policy preferences.","https://academic.oup.com/isq/article-pdf/69/2/sqaf018/62492492/sqaf018.pdf",""
1,"Chi-Yuan Lee, Eva Anderl","Does business news sentiment matter in the energy stock market? Adopting sentiment analysis for short-term stock market prediction in the energy industry",2025,"Frontiers in Artificial Intelligence","Frontiers Media","https://doi.org/10.3389/frai.2025.1559900","",20,"2026-02-04 12:30:38","article","10.3389/frai.2025.1559900","2624-8212",,8,,1559900,1559900,1,1.00,1,2,1,"Characterized by high volatility the energy stock market provides ample research potential for stock market prediction using machine learning models. This paper investigates using business news as an indicator of market sentiment in Recurrent Neural Networks. The authors adopt a finance-specific Transformer-based model, FinBERT, for news sentiment analysis and use a Long Short-Term Memory (LSTM) model for stock prediction. As prior research indicates that sentiment may vary for different news elements, they specifically explore differences between news headlines and content. Results show that (1) transformer-based sentiment analysis of business news can improve stock market prediction in the energy industry and that (2) sentiment of news content is more effective than sentiment of news headlines.","https://www.frontiersin.org/journals/artificial-intelligence/articles/10.3389/frai.2025.1559900/pdf",""
1,"Tobias Adrian, Christopher J. Erceg, Marcin Kolasa, Jesper Lindé, Roger McLeod, Romain Veyrune, Pawel Zabczyk","New Perspectives on Quantitative Easing and Central Bank Capital Policies",2025,"Contributions to finance and accounting","Springer Nature","https://doi.org/10.1007/978-3-031-73549-3_7","",21,"2026-02-04 12:30:38","book-chapter","10.1007/978-3-031-73549-3_7","2730-6038",,,,187,214,1,1.00,0,7,1,"Abstract Central banks have come under increasing criticism for large balance sheet losses associated with quantitative easing (QE), and some observers have also argued that QE helped fuel the post-COVID-19 inflation boom. In this paper, we reconsider the conditions under which QE may be warranted considering the recent high inflation experience. We emphasize that the merits of QE should be evaluated based on the macroeconomic stimulus it provides and its effects on the consolidated fiscal position, and not simply on central bank profits or losses. Using an open economy DSGE model with segmented asset markets, we show how QE can provide a sizeable boost to output and inflation in a deep recession and improve the consolidated fiscal position—even if the central bank experiences considerable losses. However, the commitment-based features of QE and the possibility that upside inflation risks are bigger than recognized pre-pandemic call for more caution in using QE closer to full employment. We then consider how central banks might modify their policies for allocating profits to the government in light of large-scale losses. In short, we suggest that a more forward-looking and risk-based approach may be desirable in helping protect central bank financial autonomy and ultimately independence.","https://link.springer.com/content/pdf/10.1007/978-3-031-73549-3_7.pdf",""
1,"Pei Kuang, Michael Weber, Shihan Xie","Central Bank Communication with the Polarized Public",2025,"SSRN Electronic Journal","RELX Group (Netherlands)","https://doi.org/10.2139/ssrn.5169542","",22,"2026-02-04 12:30:38","preprint","10.2139/ssrn.5169542","1556-5068",,,,,,1,1.00,0,3,1,"","https://doi.org/10.2139/ssrn.5169542",""
1,"Robert Czudaj, Binh-Minh Nguyen","ECB’s central bank communication and monetary policy transmission: predictability from text-based sentiment indicators?",2025,"Macroeconomic Dynamics","Cambridge University Press","https://doi.org/10.1017/s1365100525000239","",23,"2026-02-04 12:30:38","article","10.1017/s1365100525000239","1365-1005",,29,,,,1,1.00,1,2,1,"Abstract This paper studies the role of central bank communication for the monetary policy transmission mechanism using text analysis techniques. In doing so, we derive sentiment measures from European Central Bank (ECB)’s press conferences indicating a dovish or hawkish tone referring to interest rates, inflation, and unemployment. We provide strong evidence for predictability of our sentiments on interbank interest rates, even after controlling for actual policy rate changes. We also find that our sentiment indicators offer predictive power for professionals’ expectations, the disagreement among them, and their uncertainty regarding future inflation as well as future interest rates. Policy communication shocks identified through sign restrictions based on our sentiment measure also have significant effects on real outcomes. Overall, our findings highlight the importance of the tone of central bank communication for the transmission mechanism of monetary policy, but also indicate the necessity of refinements of the communication policies implemented by the ECB to better anchor inflation expectations at the target level and to reduce uncertainty regarding the future path of monetary policy.","https://www.cambridge.org/core/services/aop-cambridge-core/content/view/9A8225BEFA56175C87F3FD7DA47DE35C/S1365100525000239a.pdf/div-class-title-ecb-s-central-bank-communication-and-monetary-policy-transmission-predictability-from-text-based-sentiment-indicators-div.pdf",""
1,"Wendy Carter","Financial Forecasting and Cognitive Biases: A Theoretical Examination of Framing Effects and Predictive Accuracy",2025,"Preprints.org","","https://doi.org/10.20944/preprints202506.0445.v1","",24,"2026-02-04 12:30:38","preprint","10.20944/preprints202506.0445.v1","",,,,,,1,1.00,1,1,1,"Financial forecasting plays a pivotal role in guiding investment decisions, risk management, and policy formation. However, practitioners and analysts frequently exhibit systematic deviations from rational expectations due to cognitive biases, which impair forecast accuracy and can lead to suboptimal outcomes (Tetlock, 2005; De Bondt &amp;amp; Thaler, 1985). Among these biases, framing effects-wherein the presentation or “frame” of information alters decision‐making-are especially pernicious in financial contexts (Tversky &amp;amp; Kahneman, 1981). This paper provides a comprehensive theoretical overview of key cognitive biases affecting financial forecasts, with particular emphasis on framing. First, it delineates foundational concepts in behavioral economics, including prospect theory (Kahneman &amp;amp; Tversky, 1979) and heuristics, to contextualize how analysts process uncertain information. Next, it categorizes the primary biases encountered in financial forecasting-overconfidence, anchoring, availability, and representativeness-and examines empirical evidence documenting their effects (Barber &amp;amp; Odean, 2001; De Bondt &amp;amp; Thaler, 1985). The core of the analysis investigates how different frames-gain versus loss frames or statistical versus narrative presentations-systemically distort probabilistic judgments and expected value calculations in financial models (Tversky &amp;amp; Kahneman, 1981; Tversky &amp;amp; Kahneman, 1986). Finally, the paper proposes a conceptual framework for mitigating framing‐induced errors, incorporating debiasing strategies such as pre‐mortem analysis, decision checklists, and Bayesian updating techniques. By integrating insights from psychology and financial theory, this study aims to elucidate why forecast errors persist and how organizations can enhance predictive performance. The conclusions underscore the importance of awareness, structured analysis, and training in reducing bias‐related distortions for more reliable financial forecasting.","https://www.preprints.org/frontend/manuscript/fc3b03485b4a572a020019e64c2a7a21/download_pub",""
1,"Philipp Kartaev, Olga A. Klachkova","The impact of readability of the Bank of Russia press releases on infl ation expectations: an experimental approach",2025,"Lomonosov Economics Journal","","https://doi.org/10.55959/msu0130-0105-6-60-3-2","",25,"2026-02-04 12:30:38","article","10.55959/msu0130-0105-6-60-3-2","0130-0105",,60,,20,31,1,1.00,1,2,1,"Under inflation targeting, the success of monetary policy largely depends on the central bank’s ability to influence inflation expectations through effective communication. Particular importance is attached to interaction with non-specialists, the general public, whose expectations in Russia have historically been elevated and less anchored. This article examines the impact of readability of Bank of Russia press releases on public inflation expectations. Readability is a property of textual material that reflects how easily it can be perceived during reading. To test the hypothesis, the authors conducted a laboratory experiment with 274 participants divided into control and experimental groups. The participants received either original or simplified versions of press releases, with more readable versions generated using generative artificial intelligence. The experiment simulated both easing and tightening monetary policy conditions. The results showed that in the case of an interest rate hike, simplified texts significantly reduced inflation expectations—on average by 1.8–2 percentage points. In the case of a rate cut, the effect was statistically insignificant. Thus, improving the clarity of communication is especially effective in a tight monetary policy context. The findings highlight the need to adapt central bank communication materials for a broad audience. The study concludes that enhancing readability can increase public trust in monetary authorities and strengthen the transmission mechanism of monetary policy. The work relies on methods of experimental economics, textual analysis, and regression modeling, confirming the importance of communication quality in managing inflation expectations.","https://msuecon.elpub.ru/jour/article/download/1562/636",""
1,"Pei Kuang, Michael Weber, Shihan Xie","Central Bank Communication with the Polarized Public",2025,"SSRN Electronic Journal","RELX Group (Netherlands)","https://doi.org/10.2139/ssrn.5151881","",26,"2026-02-04 12:30:38","preprint","10.2139/ssrn.5151881","1556-5068",,,,,,1,1.00,0,3,1,"","https://doi.org/10.2139/ssrn.5151881",""
1,"Nicole Baerg, Dominik Duell, Will Lowe","Central Bank Communication as Public Opinion?",2025,"Journal of Political Institutions and Political Economy","Now Publishers","https://doi.org/10.1561/113.00000123","",27,"2026-02-04 12:30:38","article","10.1561/113.00000123","2689-4815",,6,2,211,247,1,1.00,0,3,1,"The legitimacy of central banks is on the decline in many countries yet support for central banks is thought to be essential for the successful conduct of monetary policy. Embedding survey vignette experiments into three panel survey waves of German citizens, we examine how support for the European Central Bank (ECB) and the central bank’s communication style affects a respondent’s inflation expectations. Our experiments show that while information effects exist, such effects are heterogeneous across different societal groups. We find that information effects are strongest among those who already support the European project and the ECB. Our findings have important implications for the public outreach strategies of central banks. Further, in the aggregate, our results also suggest that Euroskepticism likely has inflationary effects.","",""
1,"Shantanu Banerjee, Paul Cordova, Michiel De Pooter, Olesya V. Grishchenko","Gauging the Sentiment of Federal Open Market Committee Communications through the Eyes of the Financial Press",2025,"Finance and Economics Discussion Series","","https://doi.org/10.17016/feds.2025.048","",28,"2026-02-04 12:30:38","article","10.17016/feds.2025.048","1936-2854",,,2025,,,1,1.00,0,4,1,"We apply natural language processing tools to news articles in the financial press to construct a sentiment index—an index of the perceived semantic orientation of monetary policy communications around scheduled Federal Open Market Committee (FOMC) meetings. To that end, we develop several dictionaries that capture various monetary policy tools: conventional monetary policy, asset purchases, and forward guidance. The surprises in the sentiment index around FOMC meetings announcements explain variation in major asset prices classes between May 1999 and November 2022. Sentiment index surprises are important for explaining the variation in asset prices beyond monetary policy surprises.","https://www.federalreserve.gov/econres/feds/files/2025048pap.pdf",""
1,"Aurélien Goutsmedt, Francesco Sergi, Juan Acosta","Economists, Economic Knowledge, and Central Banks",2025,"","","https://doi.org/10.31235/osf.io/acymv_v1","",29,"2026-02-04 12:30:38","preprint","10.31235/osf.io/acymv_v1","",,,,,,1,1.00,0,3,1,"What do economists do in central banks? Why do central banks hire economists? This book investigates the evolving role of economists and economic knowledge within central banks, arguing that their current centrality is neither self-evident nor historically inevitable. While the presence and influence of economists in central banks today may seem natural, this book shows that it is the result of a complex, gradual, and uneven historical process shaped by institutional structures, disciplinary transformations, and shifting relationships between science and policy. Drawing on a rich but dispersed body of literature, the book traces how economists progressively gained authority through the establishment of statistics departments, the adoption of macroeconometric models, and the emergence of a shared cognitive infrastructure between academia and central banks. Rather than focusing on individuals or doctrines, it examines general trends and institutional shifts across a series of national case studies to show how central banks function as boundary organizations, at the intersection of policy and science.[Version Submitted to Cambridge University Press Elements series.]","https://osf.io/acymv_v1/download",""
1,"Carola Binder, Pei Kuang, Li Tang","Central Bank Communication and House Price Expectations",2025,"Journal of the European Economic Association","Oxford University Press","https://doi.org/10.1093/jeea/jvaf042","",30,"2026-02-04 12:30:38","article","10.1093/jeea/jvaf042","1542-4766",,,,,,1,1.00,0,3,1,"Abstract We use a series of online surveys to study how US consumers’ house price expectations respond to interest rate expectations. Communication about interest rates has little effect on average house price expectations, since households have heterogeneous beliefs about the relationship between interest rates and house prices. When coupled with an explanation of the mortgage rate channel, communication about interest rates has much larger effects on house price expectations. We also show that audio and visual communication have additional effects on expectations beyond the effects of text-based communications. Consumers’ personal experiences appear to shape their mental models of the housing market and the responsiveness of their house price expectations to interest rate expectations.","",""
1,"Ekkehard Ernst, Rossana Merola, Allan Gregory Ward Auclair","Central bank communication: A quantitative assessment",2025,"Central Bank Review","Elsevier BV","https://doi.org/10.1016/j.cbrev.2025.100212","",31,"2026-02-04 12:30:38","preprint","10.1016/j.cbrev.2025.100212","1303-0701",,25,3,100212,100212,1,1.00,0,3,1,"In this paper, we propose a new set of indicators of Central Bank's communication to estimate speech intensity in five different macroeconomic fields: monetary conditions, financial stability, external competitiveness, labour and social conditions and economic activity. In addition, we also built an index of Central Banks' communication about the state of the economy and related concepts like uncertainty and risk. To do this, we develop an automated text-mining routine using the Bank of International Settlements (BIS) collection of speeches given by Central Bank senior executives. We use this set of indicators to compare goals and strategies across several Central Banks (the Federal Reserve, the European Central Bank, the Bank of England and the Reserve Bank of Australia) from the late 1990s up to 2023. We then assess whether communication intensity is mirrored in Central Banks' policy decisions. Our empirical results suggest that communication is usually a complement for monetary policy and that its intensity rises as monetary policy becomes more persistent. The late 2010s were an exception. With a near-binding ZLB, communications and policy actions diverged to some extent.","https://doi.org/10.1016/j.cbrev.2025.100212",""
1,"Masaaki Yoshimori","Asymetrix Currency Turbulence with US Dollar/Japanese Yen Carry Trade: Insights into Central Bank Interventions and Exchange-Rate Dynamics",2025,"Financial Markets Institutions and Risks","ARMG Publishing","https://doi.org/10.61093/fmir.9(1).74-98.2025","",32,"2026-02-04 12:30:38","article","10.61093/fmir.9(1).74-98.2025","2521-1242",,9,1,74,98,1,1.00,1,1,1,"This study investigates the time-varying effectiveness of central bank interventions in the USDJPY exchange rate market, focusing on their asymmetric impacts under varying market conditions. Quantile regression is employed to analyze intervention outcomes across various segments of the exchange rate distribution, with particular focus on extreme scenarios represented by the 90th quantile. The results reveal that interventions are most effective during periods of lower exchange rate levels, as indicated by the significant negative coefficients at the 10th quantile. However, their influence diminishes at higher quantiles, where extreme market pressures dominate. Key structural factors, such as interest rate differentials and global volatility (proxied by the VIX index), play a dominant role in driving exchange rate dynamics. In particular, the interest rate differential between US and Japanese 10-year bond yields strongly influences the exchange rate, while market volatility reinforces the yen’s status as a safe-haven currency. Although the model’s explanatory power is limited (low pseudo-R² values), the QR analysis highlights the conditional nature of intervention effectiveness. These findings suggest that while interventions can provide short-term stabilization, particularly when the yen faces downward pressure, their overall impact is modest compared to the influence of structural economic factors.The study concludes that while direct central bank interventions are limited in standalone effectiveness, they play a crucial complementary role during market turbulence by tempering extreme fluctuations caused by speculative pressures or external shocks. However, interventions alone cannot mitigate exchange rate volatility under extreme conditions. A broader framework integrating interventions with monetary policy and addressing economic drivers like interest rate differentials and global sentiment is essential for effective exchange rate management.","https://armgpublishing.com/wp-content/uploads/2025/04/FMIR_1_2025_6.pdf",""
1,"Irina Beloglazova, Aleksey Korikov, Konstantin Yurchenko","Inflation expectations and perceptions: Experimental evaluations and opportunities for central banks’ communication policy",2025,"Journal of New Economy","Ural State University of Economics","https://doi.org/10.29141/2658-5081-2025-26-1-3","",33,"2026-02-04 12:30:38","article","10.29141/2658-5081-2025-26-1-3","2658-5081",,26,1,50,68,1,1.00,0,3,1,"For most countries of the world, overcoming the economic consequences of the pandemic assumed a softening of monetary policy, which elevated inflation expectations. Their return to moderate values has become one of the key objectives of the central banks’ communication policy. The purpose of the study is to identify formulations, the use of which in the communication policy of central banks contributes to reducing inflation expectations and further bringing inflation to the target value. Methodologically, the paper relies on the postulates of behavioural and experimental economics. The method is a randomized experiment, which presupposes a comparative assessment of the results obtained in experimental and control groups. The evidence of the study comes from the survey conducted on a sample of 1,200 respondents from amongst the Ural regions’ residents during the summer of 2024. The experiment has found that targeted communications contribute to some rationalization of inflation expectations. In particular, focusing on the stated inflation goal of the Bank of Russia, as well as on the facts about its achievement in previous periods or its actual value during the communications discernibly decreases inflation expectations. The aforementioned communication messages may be used by central banks to achieve the inflation target, thus reducing inflation expectations, and, consequently, anchoring them at the level close to the target value of inflation.","https://doi.org/10.29141/2658-5081-2025-26-1-3",""
1,"Anson Au","Evolutions in the European Central Bank's Regulatory Stance Toward Cryptocurrencies: From Neutralization to Cooptation",2025,"Policy & Internet","Wiley","https://doi.org/10.1002/poi3.70002","",34,"2026-02-04 12:30:38","article","10.1002/poi3.70002","1944-2866",,17,2,,,1,1.00,1,1,1,"ABSTRACT The article argues that the European Central Bank's (ECB) regulatory stance toward cryptocurrencies was underpinned by efforts to preserve legitimacy and monetary sovereignty. Triangulating a content analysis on the ECB's policy statements on cryptocurrencies, examination of European macroeconomic data, and price dynamic analysis of Bitcoin from 2014 to 2025, this article traces an evolution in the ECB's regulatory stance toward cryptocurrencies through two phases that inadvertently abetted cryptocurrency adoption: neutralization (2018–2019) and cooptation (2020‐present). From 2018 to 2019, the ECB assumed a hostile stance toward cryptocurrencies, attempting to neutralize its influence. However, its market‐oriented approach to regulation created a lack of controls over cryptocurrencies and a deregulation of payment processing that enabled their expansion. By 2020, the ECB shifted toward tolerance and even cooptation when unsuccessful policy attempts to contain economic precarity amid the pandemic subsequently incentivized household adoption of cryptocurrencies which, still unregulated, gained notoriety as a prospective alternative source of income. During this period, the shift to digital payments, global isomorphic pressures from the SEC's history with cryptocurrencies, and global currency competition against the Euro energized the ECB's aspirations for a digital Euro, for which it sought to coopt cryptocurrency stablecoin designs and popularity to secure public legitimacy.","https://onlinelibrary.wiley.com/doi/pdfdirect/10.1002/poi3.70002",""
1,"Steven J. Davis, Stephen Hansen, Cristhian Seminario-Amez","Macro Shocks and Firm-Level Response Heterogeneity",2025,"","","https://doi.org/10.3386/w33929","",35,"2026-02-04 12:30:38","report","10.3386/w33929","",,,,,,1,1.00,0,3,1,"","https://doi.org/10.3386/w33929",""
0,"LEEK, Lauren Caroline","The rise of central bank talk : essays in central bank communication and independence",2025,"Cadmus - EUI Research Repository (European University Institute)","European University Institute","https://hdl.handle.net/1814/93757","",36,"2026-02-04 12:30:38","dissertation","10.2870/7720119","",,,,,,0,0.00,0,1,1,"Defence date: 7 October, 2025","https://hdl.handle.net/1814/93757",""
0,"Nikoletta Poutachidou, CHRISTOS BARDAS, Stephanos Papadamou, Vasileios Vlachos","Central Bank Communication Channel International Evidence from Stock Market Indices",2025,"SSRN Electronic Journal","RELX Group (Netherlands)","https://doi.org/10.2139/ssrn.5901252","",37,"2026-02-04 12:30:38","preprint","10.2139/ssrn.5901252","1556-5068",,,,,,0,0.00,0,4,1,"","https://doi.org/10.2139/ssrn.5901252",""
0,"Alexandre Henrique Lucchetti, Daniel O. Cajueiro","A Multi-Dimensional Sentiment Index from Brazilian Central Bank Communication",2025,"SSRN Electronic Journal","RELX Group (Netherlands)","https://doi.org/10.2139/ssrn.5457354","",38,"2026-02-04 12:30:38","preprint","10.2139/ssrn.5457354","1556-5068",,,,,,0,0.00,0,2,1,"","https://doi.org/10.2139/ssrn.5457354",""
0,"Thuy Hang Duong","The Time‐Varying Anchoring of Inflation Expectations in Australia",2025,"Australian Economic Review","Wiley","https://doi.org/10.1111/1467-8462.70020","",39,"2026-02-04 12:30:38","article","10.1111/1467-8462.70020","0004-9018",,,,,,0,0.00,0,1,1,"ABSTRACT This paper examines the anchoring of inflation expectations in Australia, an important indicator of the Reserve Bank of Australia's (RBA) credibility in the public's eyes regarding its inflation mandate. Rather than treating anchoring as a binary state, the study examines its evolution over time. The positive responsiveness of long‐term expectations held by union officials and bond investors to actual inflation suggests that the RBA is midway towards completely anchoring public expectations. Estimates from the time‐varying VAR model with stochastic volatility indicate a gradual strengthening of anchoring since 1996, reflecting growing credibility under inflation targeting. These findings highlight the importance of continued credibility gains to strengthen the expectations channel.","https://onlinelibrary.wiley.com/doi/pdfdirect/10.1111/1467-8462.70020",""
0,"Hasta Dwi Pradana, Irni Yunita, Andry Alamsyah, Hillary Hapsari Putri","Do Words Matter? Evidence from Bank Indonesia’s Communication, Interest Rates, Inflation, and Stock Market Volatility",2025,"DOAJ (DOAJ: Directory of Open Access Journals)","","https://doaj.org/article/199348fac6ed4b649feadbd84768e861","",40,"2026-02-04 12:30:38","article","","",,,,,,0,0.00,0,4,1,"While many studies have explored the effects of interest rates and inflation on financial market volatility, far less is known about how central bank communication interacts with these channels in emerging markets. This study examines how Bank Indonesia’s communication, specifically its sentiment and clarity, moderates the impact of key macroeconomic variables, namely the policy interest rate and inflation, on stock market volatility in Indonesia. Using Natural Language Processing (NLP) techniques on official speeches from 2014 to 2024, this study estimates moderation regression models with Ordinary Least Squares (OLS) as a baseline and Robust Least Squares (RLS) to reduce the influence of outliers and obtain more reliable estimates under potential heteroskedasticity. Results indicate that both positive sentiment and clear communication from Bank Indonesia are associated with reduced market volatility. However, heightened clarity can intensify market reactions when policy moves are aggressive or unexpected. Increases in policy rates and effective inflation control both help stabilize volatility, but their impact depends in part on the quality of central bank communication. Robustness checks confirm the stability of these findings across estimation methods and in the presence of outliers. Overall, the findings provide new evidence from an emerging market context and show that well-designed central bank communication can shape how financial markets respond to interest rate and inflation shocks, offering concrete guidance for improving monetary policy communication in Indonesia.","",""
0,"Ricardo J. Caballero, Alp Simsek","FCI-plot: Central Bank Communication Through Financial Conditions",2025,"SSRN Electronic Journal","RELX Group (Netherlands)","https://doi.org/10.2139/ssrn.5568716","",41,"2026-02-04 12:30:38","preprint","10.2139/ssrn.5568716","1556-5068",,,,,,0,0.00,0,2,1,"","https://doi.org/10.2139/ssrn.5568716",""
0,"Athanasios Koukouridis","Bank Profitability in Times of Quantitative Easing: The Role of Central Bank Transparency",2025,"Economies","Multidisciplinary Digital Publishing Institute","https://doi.org/10.3390/economies13060161","",42,"2026-02-04 12:30:38","article","10.3390/economies13060161","2227-7099",,13,6,161,161,0,0.00,0,1,1,"To stabilize economies, central banks implemented unconventional monetary policies like quantitative easing following the global financial crisis. Although much research has been done on how quantitative easing affects financial markets, the influence of central bank transparency on bank profitability under such policies is still underexplored. This paper looks at how central bank transparency affects bank profitability in advanced countries under unconventional monetary policy. Using a panel dataset of commercial banks from 25 advanced economies (2013–2019), we apply a two-step Generalized Method of Moments (GMM) estimator to handle any endogeneity. Focusing on central bank transparency as a main transmission route, the model accounts for macroeconomic factors and bank-specific characteristics. The results show that central bank transparency greatly improves bank profitability together with quantitative easing. Although other elements, macroeconomic conditions and bank-specific characteristics, support transparency as a vital channel via which monetary policy influences the operation of the banking sector. This paper provides recommendations for legislators trying to enhance the effectiveness of unconventional policies in various institutional contexts by highlighting the need for central bank transparency as a channel for monetary policy efficacy.","https://www.mdpi.com/2227-7099/13/6/161/pdf?version=1749102731",""
0,"Piller, Alexandra, Schranz, Marc, Schwaller, Larissa","Using natural language processing to identify monetary policy shocks",2025,"Econstor (Econstor)","","https://hdl.handle.net/10419/333552","",43,"2026-02-04 12:30:38","other","","",,,,,,0,0.00,0,3,1,"Identifying the causal effects of monetary policy is challenging due to the endogeneity of policy decisions. In recent years, high-frequency monetary policy surprises have become a popular identification strategy. To serve as a valid instrument, monetary policy surprises must be correlated with the true policy shock (relevant) while remaining uncorrelated with other shocks (exogenous). However, market-based monetary policy surprises around Federal Open Market Committee (FOMC) announcements often suffer from weak relevance and endogeneity concerns. This paper explores whether text analysis methods applied to central bank communication can help mitigate these concerns. We adopt two complementary approaches. First, to improve instrument relevance, we extend the dataset of monetary policy surprises from FOMC announcements to policy-relevant speeches by the Federal Reserve Board chair and vice chair. Second, using natural language processing techniques, we predict changes in market expectations from central bank communication, isolating the component of monetary policy surprises driven solely by communication. The resulting language-driven monetary policy surprises exhibit stronger instrument relevance, mitigate endogeneity concerns and produce impulse responses that align with standard macroeconomic theory.","https://www.econstor.eu/bitstream/10419/333552/1/1940276454.pdf",""
0,"Jana Grittersová, Eleonora Mavroedi, Maria Eduarda Silva","Fifty Shades of Green: Central Bank Communication about Climate Change and Inflation Expectations",2025,"SSRN Electronic Journal","RELX Group (Netherlands)","https://doi.org/10.2139/ssrn.5520821","",44,"2026-02-04 12:30:38","preprint","10.2139/ssrn.5520821","1556-5068",,,,,,0,0.00,0,3,1,"","https://doi.org/10.2139/ssrn.5520821",""
0,"MAHIMA THAKUR","Impact of Monetary Policy on Financial Markets: An Empirical Study",2025,"INTERANTIONAL JOURNAL OF SCIENTIFIC RESEARCH IN ENGINEERING AND MANAGEMENT","","https://doi.org/10.55041/ijsrem50439","",45,"2026-02-04 12:30:38","article","10.55041/ijsrem50439","2582-3930",,,6,1,9,0,0.00,0,1,1,"Abstract Monetary policy, a cornerstone of economic strategy, plays a pivotal role in steering macroeconomic conditions, including inflation, employment, and economic growth. As a core instrument in the economic policy framework, it acts through tools such as the repo rate, reverse repo rate, Cash Reserve Ratio (CRR), Statutory Liquidity Ratio (SLR), and Open Market Operations (OMOs). The purpose of this empirical study is to analyze the nuanced effects of monetary policy decisions on Indian financial markets, with a specific focus on stock indices, bond yields, and foreign exchange rates. The study spans a decade, from April 2015 to March 2025, providing a robust temporal window for investigation. The methodology integrates event study techniques with advanced econometric tools, notably regression analysis and vector autoregression (VAR), to discern the timing, magnitude, and persistence of market reactions. This comprehensive approach enables a multi-dimensional understanding of how financial instruments respond to policy signals. The empirical results point to statistically significant and economically meaningful impacts of policy changes across the financial landscape. Stock and bond markets exhibit both immediate and short-term responses, underscoring their sensitivity to rate announcements. Currency markets, while influenced, show more muted and sometimes lagged responses. The study concludes that the efficacy of monetary policy transmission in India is subject to a variety of mediating factors, including global monetary trends, geopolitical developments, and investor sentiment. While domestic monetary instruments are powerful levers, their influence is interwoven with external forces. These insights are valuable to investors aiming to optimize their portfolios, analysts interpreting market signals, and policymakers seeking to refine intervention strategies. Key recommendations include enhancing the transparency and predictability of policy communication, strengthening monetary transmission mechanisms, and fostering market resilience to global shocks. Future research should consider the evolving post-pandemic economic landscape, potential digital currency integration, and the role of artificial intelligence in monetary policy analysis.","https://ijsrem.com/download/impact-of-monetary-policy-on-financial-markets-an-empirical-study/?wpdmdl=55971&refresh=684e7476800541749972086",""
0,"Xuemei Ren","Analysis on the Influencing Factors of the Effectiveness of Forward Guidance",2025,"Advances in Economics Management and Political Sciences","","https://doi.org/10.54254/2754-1169/2025.20072","",46,"2026-02-04 12:30:38","article","10.54254/2754-1169/2025.20072","2754-1169",,162,1,90,94,0,0.00,0,1,1,"Economic growth is confronting a downturn despite the low interest rate. Forward Guidance (FG) has been studied and applied to monetary policy for a long time within countries where interest rate is close to the Zero Lower Bound (ZLB). Central banks resorted to FG in practice and have been benefited from the exclusive advantage of it. The paper studies the FG during the period of the Global Financial Crisis (GFC), focusing on the factors that influence the effectiveness of FG and how these factors work in a market mechanism. The research on identified factors challenges the popular proposition that Delphic FG is better off than Odyssean FG. From the transmission channels to the contents of FG, this paper provides an overview of the factors and the mechanisms, as well as recommendations for central banks in terms of the evaluation on the effectiveness of FG. The policy makers are suggested to be more careful when apply FG. Besides, the responses of market agencies should be considered when formulating central bank communication.","https://www.ewadirect.com/proceedings/aemps/article/view/20072/pdf",""
0,"Frankie Chau, Rataporn Deesomsak, Raja Shaikh","Does Central Bank Communication Influence Prices and Positions of Traders in Commodity Markets?",2025,"SSRN Electronic Journal","RELX Group (Netherlands)","https://doi.org/10.2139/ssrn.5501091","",47,"2026-02-04 12:30:38","preprint","10.2139/ssrn.5501091","1556-5068",,,,,,0,0.00,0,3,1,"","https://doi.org/10.2139/ssrn.5501091",""
0,"Xiaowei Weng, Zejiong Zhou","The Characteristics of Macroeconomic Fluctuations and the Regulatory Effects of Monetary and Fiscal Policies in China under the Current Situation",2025,"Frontiers in Science and Engineering","","https://doi.org/10.54691/q1tjfh28","",48,"2026-02-04 12:30:38","article","10.54691/q1tjfh28","2710-0588",,5,5,59,67,0,0.00,0,2,1,"In 2023, with the slowdown of the world economy and the lack of effective domestic demand, China's economy withstood the pressure and overcome difficulties, achieving an annual GDP of more than 126 trillion yuan, and the main expected goals were successfully achieved. At present, the external environment is still complex and severe, and there are still many domestic risks and hidden dangers, and there are still some difficulties and challenges to overcome to promote the further recovery of China's economy. Fiscal revenue recovery growth Expenditure intensity remains strong, fiscal policy should be more proactive, and give full play to the advantages of flexible transmission mechanism and direct access to micro entities. Monetary policy should be more coordinated with fiscal policy. Macro policy, industrial policy, institutional mechanism construction and other aspects of the same measures. At the macro policy level, attention should be paid to demand-side management, especially to strengthen counter-cyclical adjustment in macroeconomic regulation and control. In terms of industrial policies, the rectification measures for some industrial policies will be relaxed to enhance the ability of industrial development to absorb employment.","https://fse-journal.org/index.php/ojs/article/download/105/102",""
0,"Liangyuan Chen, Jianhao Lin, X Y Wang, Zixiang Zhu","The real effect of China's narrative Central Bank Communication",2025,"China Economic Review","Elsevier BV","https://doi.org/10.1016/j.chieco.2025.102592","",49,"2026-02-04 12:30:38","article","10.1016/j.chieco.2025.102592","1043-951X",,94,,102592,102592,0,0.00,0,4,1,"","",""
0,"Michael Smolyansky, Gustavo Suárez","Nonmonetary News in Fed Announcements: Evidence from the Corporate Bond Market",2025,"Journal of money credit and banking","Wiley","https://doi.org/10.1111/jmcb.13253","",50,"2026-02-04 12:30:38","article","10.1111/jmcb.13253","0022-2879",,,,,,0,0.00,0,2,1,"Abstract When the Federal Reserve tightens monetary policy, do the prices of riskier assets fall relative to safer assets? Or, do investors interpret policy tightening as a signal that economic fundamentals are stronger than they previously believed, thus leading riskier assets to outperform? We present evidence that the latter of these two forces empirically dominates within the U.S. corporate bond market. Following an unanticipated monetary policy tightening, riskier corporate bonds outperform safer corporate bonds, demonstrating the importance of an informational, or nonmonetary, component within monetary policy announcements.","https://onlinelibrary.wiley.com/doi/pdfdirect/10.1111/jmcb.13253",""
0,"Pei Kuang, Carola Binder, Li Tang","Central Bank Communication and House Price Expectations",2025,"SSRN Electronic Journal","RELX Group (Netherlands)","https://doi.org/10.2139/ssrn.5275774","",51,"2026-02-04 12:30:38","preprint","10.2139/ssrn.5275774","1556-5068",,,,,,0,0.00,0,3,1,"","https://doi.org/10.2139/ssrn.5275774",""
0,"Ramgopal Kundurthi, Siva Reddy Kalluru","Inflation Expectations and Policy Relevance in India",2025,"","","https://doi.org/10.21203/rs.3.rs-7158381/v1","",52,"2026-02-04 12:30:38","preprint","10.21203/rs.3.rs-7158381/v1","",,,,,,0,0.00,0,2,1,"<title>Abstract</title> Post adoption of the Flexible Inflation Targeting by India, the importance of anchoring inflation expectations has been taking centre stage of academic and policy research. The expectations channel is now considered as an important transmission mechanism in itself. This paper explores whether expectation formation in the Indian context can be treated as forward or backward looking with or without adaptive features, using the data from the available surveys. It is observed that the inflation expectation formation of households is predominantly naïve and repetitive and hence does not provide any additional information for policy guidance. Professional Forecasters are also unable to forecast the turning points and are overestimating inflation, thus questioning the policy relevance of such expectations. JEL classifications: E3, E5, E7","https://www.researchsquare.com/article/rs-7158381/latest.pdf",""
0,"Eduardo Dietrich Zimmermann","Central Bank Language as an Intuitive-Thinking Shock",2025,"Zenodo (CERN European Organization for Nuclear Research)","European Organization for Nuclear Research","https://doi.org/10.5281/zenodo.18038311","",53,"2026-02-04 12:30:38","preprint","10.5281/zenodo.18038311","",,,,,,0,0.00,0,1,1,"This repository contains the working paper “Central Bank Language as an Intuitive-Thinking Shock” and its full replication package. The paper develops and empirically tests the hypothesis that decisive central bank communication can act as an intuitive-thinking shock within a Dual-System Expectations (DSE) framework. It introduces a text-based measure of Decisive Language Intensity (DLI) constructed from FOMC statements and studies its effects on U.S. inflation expectations, distinguishing between households (University of Michigan Survey of Consumers) and professional forecasters (Survey of Professional Forecasters). The empirical analysis conditions on high-frequency monetary policy surprises and uses Newey–West inference and local projections. Results indicate that DLI is associated with modest but robust movements in household inflation expectations, with delayed dynamics and substantially weaker effects for professional forecasters, consistent with an intuitive-inference channel. The replication package includes cleaned data, code, regression outputs (CSV), and figures required to reproduce all results in the paper.","https://doi.org/10.5281/zenodo.18038311",""
0,"Shengliang Ou, Donghai Zhang, Renbin Zhang","The Return of Greenspan: Mumbling with Great Incoherence",2025,"Journal of the European Economic Association","Oxford University Press","https://doi.org/10.1093/jeea/jvaf017","",54,"2026-02-04 12:30:38","article","10.1093/jeea/jvaf017","1542-4766",,23,6,2048,2091,0,0.00,0,3,1,"Abstract This study demonstrates that more information about the unobserved state of the economy may reduce social welfare owing to the presence of nominal rigidity. On one hand, costly business cycle fluctuations and price dispersions arising from nominal rigidity are muted in a noisy economy. On the other hand, an economy with less information suffers from efficiency losses due to inefficient coordination in pricing decisions. Monetary policy affects the tradeoff, and thus interacts with the social value of information. We characterize the conditions under which more information reduces social welfare. Our findings are relevant for optimal central bank communication strategies and for evaluating the social benefit of new technologies, such as AI technology, that reduce the cost of information acquisition.","",""
0,"Eyup N A Kahveci, Tugrul Gurgur","Digital Payments and Sustainable Economic Growth: Transmission Mechanisms and Evidence from an Emerging Economy, Turkey",2025,"Preprints.org","","https://doi.org/10.20944/preprints202505.1862.v1","",55,"2026-02-04 12:30:38","preprint","10.20944/preprints202505.1862.v1","",,,,,,0,0.00,0,2,1,"Electronic payments have revolutionized economic development by promoting financial inclusion, improving efficiency, and fostering sustainable economic growth. By enabling seamless, secure, convenient, cost-effective financial transfers, digital payment systems have expanded access to banking services and e-commerce and facilitated trade, reduced transaction costs, and enhanced transparency, thereby boosting productivity and curbing corruption. This study investigates the impact of digital transactions on sustainable economic growth in Turkey, utilizing a vector autoregressive (VAR) model and quarterly data from 2006 to 2023. The findings reveal a positive cointegrating relationship between GDP and digital payments, underscoring the connection between digitalization and economic expansion. The impulse response functions also imply the positive effect of digital transactions on GDP growth. These results suggest that policymakers should prioritize digital financial infrastructure development, enhance regulatory frameworks to support digital payment adoption, and implement long-term structural reforms focused on innovation and institutional stability to promote sustainable growth.","https://www.preprints.org/frontend/manuscript/13f7e502793e1dda0c3a393882a77dee/download_pub",""
0,"Ekor, Maxwell","An empirical analysis of monetary policy communication in Nigeria",2025,"Zenodo (CERN European Organization for Nuclear Research)","European Organization for Nuclear Research","https://doi.org/10.5281/zenodo.17715869","",56,"2026-02-04 12:30:38","article","10.5281/zenodo.17715869","",,,,,,0,0.00,0,1,1,"The thesis examines the monetary policy communication of the Central Bank of Nigeria (CBN)between 2001 and 2018 by: (a) probing the clarity of the Monetary Policy Communiqués; (b)measuring communication and ascertaining the transmission effects; (c) scrutinizing the intensityof fiscal policy communication; and (d) gauging the public’s knowledge of monetary policy.The Flesch Kincaid and Gunning Fog readability tools were used to measure clarity, while themultiple regression, Impulse Response Function and Variance Decomposition techniques wereapplied to test how clarity responded to changes in macro variables in the period. The mainfindings are: (a) The number of paragraphs, sentences, and words of the ccommuniqués increasedin the period, suggesting improved transparency by the CBN; (b) The high Flesch Kincaid andGunning Fog scores signifies that the communiqués were complex, buttressing the findings ofTumala and Omotosho (2019) that CBN’s statements have become more difficult.To measure CBN’s communication and the transmission effects, two indicators were developed -the Monetary Policy Stance (MPS) that codes the tightening (+1), hold (0) and loosening (-1)postures as widely applied in the literature; and the Monetary Policy Communication on Inflation(MPCI) that reflects statements on inflation in line with the ECB KOF approach. The empiricalscrutiny followed Neuenkirch (2013) that included the KOF Communicator in a transmissionmechanism study for the ECB. Also, CBN’s study on monetary policy transmission in 2010provided guide in terms of the estimated equations, which were modified with the MPS and MPCI.The findings from the graphic analysis of the MPS showed that the CBN tightened its stance in 26or 37% of the communiqués while it was 11 or 16% for easing and 33 or 47% for the neutralposture. The average MPCI of 0.135 indicates that the CBN communicated more about upside riskto inflation, while the relationship between voting to raise policy rate and the MPCI is positive butweak, suggesting that the CBN also used other tools to manage inflation in the period.A juxtaposition of the movement between MPCI and policy rate showed a paradox as the upsiderisk sentiments to inflation coincided with falling or flattening policy rate in most parts of theperiod reviewed. The likely reasons are: (a) Given the multiple objectives and policy instruments,the CBN sometimes alter other tools instead of raising the policy rate; (b) CBN probably sawinflationary threats as temporary in those periods and decided to be neutral on policy; (c) Thepolicy rate is the most visible tool to politicians who see raising rates as undermining theirpreference for growth, making the CBN to sometimes adjust other tools instead of the policy rate.By means of the ARDL/Bounds testing for cointegration and the Error Correction Model, the keyresults from the empirical scrutiny of the effect of communication on the transmission process are:(a) The Error Correction Terms (ECTs) are negative and significant in all the models, implyinglong-run causality; (b) The ECTs are below 20% in all the models, indicating slow speed ofadjustment in models with or without communication. This suggests that communication did notimprove transmission of monetary policy between 2001 and 2018. Given that communication isaimed at managing expectations, the inference is that the result underpins that of CBN’s 2010analysis which found weak existence of policy transmission through the expectations channel; (c)The models with MPCI that focus on inflation performed relatively better than the ones with MPSthat reflects the multiple objectives and tools; (e) The short-run causality results reinforce theimportance that the CBN attaches to monetary targeting as money supply granger-causes GDP andinflation. Also, the CBN’s tightening, neutral and easing postures as captured by the MPS isimportant for short-run macroeconomic management given that the MPS granger-causes GDP.To analyze the intensity of CBN’s communication about fiscal policy, a template was designedand used to develop a Fiscal Policy Communication Indicator (FPCI) after the method of Allardet al. (2013). The multiple regression was used to estimate how macro-fiscal variables affectedcommunication about fiscal policy, while controlling for other effects, also in line with Allard etal. (2013). The estimations were however complemented with the Impulse Response and VarianceDecomposition methods that are widely utilized in the central bank communication literature.The results are as follows: (a) A total of 409 statements and 20,193 words or 11.8% of total wordcount of all the communiqués were used to discuss fiscal policy; (b) CBN communicated morepositively about fiscal policy when the oil-price based fiscal rule was introduced. The formationof the Sovereign Wealth Fund resulted in more normative statements as the posture changed fromcommendation to advisory; (c) Fiscal deficit and inflation have significant effects on the FPCIwhile effect of public debt and money supply are insignificant; (d) The variance decompositionresults showed that 77% of the Forecast Error Variance in the FPCI is due to own effect, meaningthat the explanatory variables did not significantly influence the variance in the FPCI; (e) FPCI isgranger-caused by fiscal deficit, public debt and money supply, while it is not granger-caused byinflation. The combined effect of all the indicators showed that they all granger caused FPCI.To examine the public’s knowledge of monetary policy, the questionnaire by Cruijsen et al. (2015)was modified and used for data gathering while the logistic regression method was used for theanalysis. The results are: (a) Knowledge of monetary policy is not affected by gender; (b) Age isvital as older respondents are more conversant about monetary policy; (c) Educationalqualification does not increase the chance of being well-informed about monetary policy; (d) Realsector respondents tend to be more familiar compared with those in other sectors; (e) Respondentswith desire to be well-informed are more knowledgeable about monetary policy; (f) Workexperience increases the likelihood of being familiar about monetary policy; (g) Higher incomeearners are well-informed about monetary policy; (h) Users of Newspapers, CBN’s website, Radioand Television tend to be more aware about monetary policy; (i) Using current information, pastinformation or both, does not impact the likelihood of being conversant about monetary policy.Overall, the study concludes that:a) CBN’s communication of monetary policy through the policy communiqué is complex.b) The transmission mechanism of monetary policy was not enhanced by communication inthe review period.c) The discussions about fiscal policy have expectedly increased over the years, with theCBN’s positive communication increasing in periods of strategic fiscal policy initiatives.d) The public’s knowledge of monetary policy is enhanced by age, income and the mediareporting through Newspapers, Television and Radio.The study recommends as follows:a) To improve clarity, CBN should devise means of explicitly conveying its multipleobjectives and tools and also simplify its vocabularies and choice of words.b) The transmission process can also be enhanced if clarity improves with simplification ofvocabularies and choice of words. This will reduce the mixed signals to the public.c) Commending government when certain actions are taken and advising them to take firmmeasures in some instances will improve monetary-fiscal bond.d) The press briefing channel of communication should be strengthened because it is effectivein helping the media to convey the policy messages clearly to the public.","https://doi.org/10.5281/zenodo.17715869",""
0,"Juan Meng, Bin Mo, Shaokai Ding","Central Bank Communication, Economic Policy Uncertainty, and Financial Market Volatility: A Time-Varying Perspective on Chinese Markets",2025,"Computational Economics","Springer Science+Business Media","https://doi.org/10.1007/s10614-025-11080-2","",57,"2026-02-04 12:30:38","article","10.1007/s10614-025-11080-2","0927-7099",,,,,,0,0.00,0,3,1,"","",""
0,"Rubén Fernàndez-Fuertes","Monetary Policy Shocks: A New Hope — Large Language Models and Central Bank Communication&amp;nbsp;",2025,"SSRN Electronic Journal","RELX Group (Netherlands)","https://doi.org/10.2139/ssrn.5669212","",58,"2026-02-04 12:30:38","preprint","10.2139/ssrn.5669212","1556-5068",,,,,,0,0.00,0,1,1,"","https://doi.org/10.2139/ssrn.5669212",""
0,"Andrey Koshkin","On the role of central banks' communication in the implementation of monetary policy strategy",2025,"Теоретическая и прикладная экономика","Aurora Group s.r.o.","https://doi.org/10.25136/2409-8647.2025.4.74406","",59,"2026-02-04 12:30:38","article","10.25136/2409-8647.2025.4.74406","2409-8647",,,4,55,71,0,0.00,0,1,1,"This study presents a comprehensive analysis of the role of communication strategies employed by central banks in the implementation of monetary policy. It focuses on examining the mechanisms of transmitting informational signals from regulators to financial markets and the economic expectations of various groups of economic agents. The study considers both traditional forms of communication used by central banks (official statements, monetary policy reports, press conferences, and monetary policy strategy presentations) as well as new digital interaction channels (social networks, messengers). Additionally, this article pays attention to a comparative analysis of the communication approaches of the Federal Reserve System, the European Central Bank, and the Central Bank of the Russian Federation during different periods of the economic cycle, including crisis situations and periods of stability. The research employs a comprehensive methodological framework that includes: quantitative content analysis of central bank textual materials using computational linguistics methods, econometric analysis of market reactions (event-study approach), comparative analysis of communication strategies, and investigation of digital communication channels using network analysis methods. The scientific novelty of the research lies in the development of the concept of ""multi-level communication effectiveness,"" the identification of a nonlinear relationship between the intensity of communication and its effectiveness, and the systematization of factors determining the success of central banks' communication strategies. The main conclusions of the study indicate the need to revise traditional communication approaches in the context of digital transformation, the importance of maintaining an optimal balance between transparency and flexibility, and the increasing role of expectation management as a key element of modern monetary policy. The research contributes to the discussion about communication as one of the key tools of monetary policy for regulators in the current stage. The practical significance of the study lies in the development of specific recommendations for optimizing central banks' communication strategies in light of the identified patterns and contemporary challenges.","https://doi.org/10.25136/2409-8647.2025.4.74406",""
0,"Pei Kuang, Michael Weber, Shihan Xie","Central Bank Communication with the Polarized Public",2025,"SSRN Electronic Journal","RELX Group (Netherlands)","https://doi.org/10.2139/ssrn.5162234","",60,"2026-02-04 12:30:38","article","10.2139/ssrn.5162234","1556-5068",,,,,,0,0.00,0,3,1,"","https://doi.org/10.2139/ssrn.5162234",""
0,"Hengki Mangiring Parulian Simarmata, Poltak Pardamean Simarmata, Jusra Tampubolon","Gold as a Safe Haven During the 2025 Global Tax War: A Qualitative Literature Review",2025,"Jurnal Semesta Ilmu Manajemen dan Ekonomi","","https://doi.org/10.71417/j-sime.v1i4.352","",61,"2026-02-04 12:30:38","article","10.71417/j-sime.v1i4.352","3064-2264",,1,4,485,498,0,0.00,0,3,1,"This study investigates the strategic role of gold as a haven asset amid the anticipated 2025 global tax war, characterised by rising fiscal protectionism, currency volatility, and geopolitical fragmentation. Employing a qualitative literature review, the research synthesises scholarly findings, institutional data, and financial commentary to examine how gold performs under fiscal-driven crises. The findings reveal that gold remains a reliable hedge against inflation, exchange rate risk, and systemic policy shocks, supported by strong institutional trust and long-term investor demand. However, most prior studies focus on financial or monetary crises, leaving a significant gap in understanding gold's behaviour during state-led fiscal confrontations. This paper contributes by framing gold's relevance through a multi-dimensional lens, incorporating macroeconomic policy, digital investment behaviour, and central bank strategy. Further research is recommended to explore the impact of digital gold adoption in emerging markets and its implications for retail investor behaviour.","https://jurnalpustakacendekia.com/index.php/J-SIME/article/download/352/432",""
0,"Ekor, Maxwell","An empirical analysis of monetary policy communication in Nigeria",2025,"Zenodo (CERN European Organization for Nuclear Research)","European Organization for Nuclear Research","https://doi.org/10.5281/zenodo.17715868","",62,"2026-02-04 12:30:38","article","10.5281/zenodo.17715868","",,,,,,0,0.00,0,1,1,"The thesis examines the monetary policy communication of the Central Bank of Nigeria (CBN)between 2001 and 2018 by: (a) probing the clarity of the Monetary Policy Communiqués; (b)measuring communication and ascertaining the transmission effects; (c) scrutinizing the intensityof fiscal policy communication; and (d) gauging the public’s knowledge of monetary policy.The Flesch Kincaid and Gunning Fog readability tools were used to measure clarity, while themultiple regression, Impulse Response Function and Variance Decomposition techniques wereapplied to test how clarity responded to changes in macro variables in the period. The mainfindings are: (a) The number of paragraphs, sentences, and words of the ccommuniqués increasedin the period, suggesting improved transparency by the CBN; (b) The high Flesch Kincaid andGunning Fog scores signifies that the communiqués were complex, buttressing the findings ofTumala and Omotosho (2019) that CBN’s statements have become more difficult.To measure CBN’s communication and the transmission effects, two indicators were developed -the Monetary Policy Stance (MPS) that codes the tightening (+1), hold (0) and loosening (-1)postures as widely applied in the literature; and the Monetary Policy Communication on Inflation(MPCI) that reflects statements on inflation in line with the ECB KOF approach. The empiricalscrutiny followed Neuenkirch (2013) that included the KOF Communicator in a transmissionmechanism study for the ECB. Also, CBN’s study on monetary policy transmission in 2010provided guide in terms of the estimated equations, which were modified with the MPS and MPCI.The findings from the graphic analysis of the MPS showed that the CBN tightened its stance in 26or 37% of the communiqués while it was 11 or 16% for easing and 33 or 47% for the neutralposture. The average MPCI of 0.135 indicates that the CBN communicated more about upside riskto inflation, while the relationship between voting to raise policy rate and the MPCI is positive butweak, suggesting that the CBN also used other tools to manage inflation in the period.A juxtaposition of the movement between MPCI and policy rate showed a paradox as the upsiderisk sentiments to inflation coincided with falling or flattening policy rate in most parts of theperiod reviewed. The likely reasons are: (a) Given the multiple objectives and policy instruments,the CBN sometimes alter other tools instead of raising the policy rate; (b) CBN probably sawinflationary threats as temporary in those periods and decided to be neutral on policy; (c) Thepolicy rate is the most visible tool to politicians who see raising rates as undermining theirpreference for growth, making the CBN to sometimes adjust other tools instead of the policy rate.By means of the ARDL/Bounds testing for cointegration and the Error Correction Model, the keyresults from the empirical scrutiny of the effect of communication on the transmission process are:(a) The Error Correction Terms (ECTs) are negative and significant in all the models, implyinglong-run causality; (b) The ECTs are below 20% in all the models, indicating slow speed ofadjustment in models with or without communication. This suggests that communication did notimprove transmission of monetary policy between 2001 and 2018. Given that communication isaimed at managing expectations, the inference is that the result underpins that of CBN’s 2010analysis which found weak existence of policy transmission through the expectations channel; (c)The models with MPCI that focus on inflation performed relatively better than the ones with MPSthat reflects the multiple objectives and tools; (e) The short-run causality results reinforce theimportance that the CBN attaches to monetary targeting as money supply granger-causes GDP andinflation. Also, the CBN’s tightening, neutral and easing postures as captured by the MPS isimportant for short-run macroeconomic management given that the MPS granger-causes GDP.To analyze the intensity of CBN’s communication about fiscal policy, a template was designedand used to develop a Fiscal Policy Communication Indicator (FPCI) after the method of Allardet al. (2013). The multiple regression was used to estimate how macro-fiscal variables affectedcommunication about fiscal policy, while controlling for other effects, also in line with Allard etal. (2013). The estimations were however complemented with the Impulse Response and VarianceDecomposition methods that are widely utilized in the central bank communication literature.The results are as follows: (a) A total of 409 statements and 20,193 words or 11.8% of total wordcount of all the communiqués were used to discuss fiscal policy; (b) CBN communicated morepositively about fiscal policy when the oil-price based fiscal rule was introduced. The formationof the Sovereign Wealth Fund resulted in more normative statements as the posture changed fromcommendation to advisory; (c) Fiscal deficit and inflation have significant effects on the FPCIwhile effect of public debt and money supply are insignificant; (d) The variance decompositionresults showed that 77% of the Forecast Error Variance in the FPCI is due to own effect, meaningthat the explanatory variables did not significantly influence the variance in the FPCI; (e) FPCI isgranger-caused by fiscal deficit, public debt and money supply, while it is not granger-caused byinflation. The combined effect of all the indicators showed that they all granger caused FPCI.To examine the public’s knowledge of monetary policy, the questionnaire by Cruijsen et al. (2015)was modified and used for data gathering while the logistic regression method was used for theanalysis. The results are: (a) Knowledge of monetary policy is not affected by gender; (b) Age isvital as older respondents are more conversant about monetary policy; (c) Educationalqualification does not increase the chance of being well-informed about monetary policy; (d) Realsector respondents tend to be more familiar compared with those in other sectors; (e) Respondentswith desire to be well-informed are more knowledgeable about monetary policy; (f) Workexperience increases the likelihood of being familiar about monetary policy; (g) Higher incomeearners are well-informed about monetary policy; (h) Users of Newspapers, CBN’s website, Radioand Television tend to be more aware about monetary policy; (i) Using current information, pastinformation or both, does not impact the likelihood of being conversant about monetary policy.Overall, the study concludes that:a) CBN’s communication of monetary policy through the policy communiqué is complex.b) The transmission mechanism of monetary policy was not enhanced by communication inthe review period.c) The discussions about fiscal policy have expectedly increased over the years, with theCBN’s positive communication increasing in periods of strategic fiscal policy initiatives.d) The public’s knowledge of monetary policy is enhanced by age, income and the mediareporting through Newspapers, Television and Radio.The study recommends as follows:a) To improve clarity, CBN should devise means of explicitly conveying its multipleobjectives and tools and also simplify its vocabularies and choice of words.b) The transmission process can also be enhanced if clarity improves with simplification ofvocabularies and choice of words. This will reduce the mixed signals to the public.c) Commending government when certain actions are taken and advising them to take firmmeasures in some instances will improve monetary-fiscal bond.d) The press briefing channel of communication should be strengthened because it is effectivein helping the media to convey the policy messages clearly to the public.","https://doi.org/10.5281/zenodo.17715868",""
0,"Koshkin Andrey Vyacheslavovich","The Role of Open Communication Strategies of Central Banks in Achieving Sustainable Development Goals",2025,"Journal of Lifestyle and SDGs Review","","https://doi.org/10.47172/2965-730x.sdgsreview.v5.n07.pe06451","",63,"2026-02-04 12:30:38","article","10.47172/2965-730x.sdgsreview.v5.n07.pe06451","2965-730X",,5,7,,,0,0.00,0,1,1,"Purpose: This study examines the impact of open communication strategies by central banks on achieving the UN Sustainable Development Goals (SDGs), identifying key mechanisms and providing recommendations to enhance their effectiveness. Theoretical Framework: The research is grounded in theories of monetary policy transparency, sustainable development concepts, and stakeholder approaches. It analyzes the relationship between central bank communication and specific SDGs, including economic growth (SDG 8), reduced inequality (SDG 10), and climate action (SDG 13). Methodology: A mixed-methods approach is employed, combining qualitative content analysis of communication materials from 20 central banks (2014–2024) and quantitative econometric analysis of data. Regression models assess the correlation between central bank transparency and SDG indicators. Results and Discussion: Findings reveal that communication transparency significantly correlates with progress on SDG 8 (a 0.21% GDP increase per 1-point rise in transparency index). For SDG 13, the effect is limited due to gaps between rhetoric and action. Influence on SDG 10 is minimal without coordination with fiscal policy. Practical Implications: Recommendations include integrating SDGs into central bank policy documents, developing standardized reporting frameworks, and adapting strategies to national contexts. Originality/Value: The study contributes to debates on expanding central bank mandates, proposing novel communication approaches for sustainable development.","https://sdgsreview.org/LifestyleJournal/article/download/6451/3067",""
0,"Barraud, Claire","Les Banques centrales comme meneuses durant les crises financières: Une analyse en termes de psychologie des foules du discours de Mario Draghi du 26 juillet 2012",2025,"HAL (Le Centre pour la Communication Scientifique Directe)","Centre National de la Recherche Scientifique","https://hal.science/hal-05395988","",64,"2026-02-04 12:30:38","preprint","","",,,,,,0,0.00,0,1,1,"This article stands at the crossroads of economics, crowd psychology, behavioral finance, and management studies. It offers a qualitative analysis of Mario Draghi’s speech of 26 July 2012 at the Global Investment Conference in London, using the analytical framework of crowd psychology and its archetypal leader. My central hypothesis is that, in times of crisis, financial markets behave like Le Bon’s psychological crowd. Le Bon’s theory indeed corroborates the salient mechanisms identified by behavioral finance, such as information cascades, emotional contagion, and herding. This article makes several contributions that I hope will be useful both to the literature on central bank communication in times of crisis and to the oratory practice of central bankers. First, I establish a typology of an effective speech based on the economic research on central bank crisis communication. I then construct the typology of the leader’s psychology and means of action using insights from crowd psychology. I subsequently apply this typology, which is more detailed and goes further than the economic criteria, to analyze Mr. Draghi’s speech, and to conclude on its effectiveness in create news and reduce noise.","",""
0,"Alexander Jung, F. Mongelli","Central Bank Communication with Non-experts: Insights from a Randomized Field Experiment",2025,"SSRN Electronic Journal","RELX Group (Netherlands)","https://doi.org/10.2139/ssrn.5408350","",65,"2026-02-04 12:30:38","preprint","10.2139/ssrn.5408350","1556-5068",,,,,,0,0.00,0,2,1,"","https://doi.org/10.2139/ssrn.5408350",""
0,"Andrey Koshkin","Typology of communication strategies of central banks as a tool of monetary policy",2025,"Финансы и управление","Aurora Group s.r.o.","https://doi.org/10.25136/2409-7802.2025.4.74556","",66,"2026-02-04 12:30:38","article","10.25136/2409-7802.2025.4.74556","2409-7802",,,4,12,21,0,0.00,0,1,1,"The present study is dedicated to a comprehensive analysis of the communication strategies of central banks as a key instrument of modern monetary policy. The research focuses on the process of transforming the institutional communications of central banks in the context of the digitalization of the economic space and changes in the media landscape. Special attention is given to studying the verbal and non-verbal aspects of communication, including the analysis of narrative constructions, metaphorical models, and digital formats of interaction with various groups of economic agents. The subject of the research is the communication strategies of three key central banks: the Bank of Russia, the European Central Bank, and the Federal Reserve System of the USA. The analysis covers the period from 2020 to 2023 and includes both traditional communication channels (official statements, reports) and digital platforms (social networks). The study is based on the hypothesis that the effectiveness of monetary policy in modern conditions is largely determined not only by the content of decisions made but also by the ways in which they are presented to different audiences. The research is based on an integrative approach that combines corpus linguistic analysis, network methods for studying digital communications, and cognitive experiments. Quantitative (content analysis, event study) and qualitative (discourse analysis, case study) methods are applied for a comprehensive assessment of the central banks' strategies. The scientific novelty of the study lies in the development of an original four-component typology of central banks' communication strategies that integrates verbal, digital, and regional aspects. For the first time, a classification is proposed that distinguishes instrumental-technocratic, stabilization-institutional, adaptive-differentiated, and digital-interactive strategies, which expands existing theoretical views on the nature of central bank communications. Key findings of the study indicate significant differences in the effectiveness of communication approaches for different target groups. It was found that adapting message formats (for example, using a ""question-answer"" format) increases understanding of economic policy among non-professional audiences by 34%. There is a significant variability in terminology between central and regional divisions (lexical similarity index 0.56-0.62), underlining the need to consider local specifics.","https://doi.org/10.25136/2409-7802.2025.4.74556",""
0,"Maxence Follot","De la dépendance économique à la crise des prêts en devises : comment le capitalisme dépendant a redéfini la politique hongroise",2025,"Économie et Institutions","","https://doi.org/10.4000/14gj2","",67,"2026-02-04 12:30:38","article","10.4000/14gj2","1775-2329",,34,,,,0,0.00,0,1,1,"Au tournant des années 2000, la Hongrie, après avoir instauré de nombreuses réformes économiques pour se conformer aux normes néolibérales, a adhéré à l’Union européenne. Cette période, marquée par un optimisme important, a vu une large souscription de prêts en devises étrangères par les ménages. Toutefois, la crise financière de 2008 a mis en lumière les risques de cette exposition tandis que les mesures d’austérité préconisées par l’UE et le FMI ont accru le mécontentement populaire. Cette crise, en révélant les limites d’une transition rapide vers le libéralisme, a également propulsé le Fidesz et Orbán au pouvoir, grâce à un discours à la fois nationaliste et anti-élite. Ainsi, cet article, en plus de s’intéresser aux mécanismes derrière les prêts en devises, explore comment ces évolutions s’inscrivent dans la trajectoire historique du pays.","http://journals.openedition.org/ei/pdf/7889",""
0,"Qing Chen","Unraveling the formation mechanism and characteristics of inflation expectations in China",2025,"Journal of Applied Economics and Policy Studies","","https://doi.org/10.54254/2977-5701/2025.26519","",68,"2026-02-04 12:30:38","article","10.54254/2977-5701/2025.26519","2977-5701",,18,8,124,136,0,0.00,0,1,1,"In the post-pandemic era, managing inflation expectations has become a critical issue in China's macroeconomic governance. This study investigates the formation mechanism and characteristics of inflation expectations in China during the economic transition period, employing a Vector Autoregression (VAR) model and GARCH-family models for empirical analysis. The results indicate that money supply, loan prime rate, actual inflation rate, GDP growth, and foreign exchange reserves significantly influence inflation expectations in the short term. Moreover, inflation expectations exhibit notable phased fluctuations, ARCH effects, and cognitive biases among the public. The study also reveals heterogeneity in expectations across different economic agents. Based on these findings, we propose policy recommendations for enhancing expectation management through improved information transparency and forward-looking policy design. This research provides both theoretical and practical insights for inflation expectation management in the context of Chinese-style modernization.","https://www.ewadirect.com/journal/jaeps/article/view/26519/pdf",""
0,"Jonas Dovern","Interpersonal trust, trust in central banks and central bank communication",2025,"AEA Randomized Controlled Trials","","https://doi.org/10.1257/rct.16427-1.0","",69,"2026-02-04 12:30:38","dataset","10.1257/rct.16427-1.0","",,,,,,0,0.00,0,1,1,"","",""
0,"Vasyl Golosnoy, Yarema Okhrin, Michael Roos","Empirical similarity for revealing the US interest rate policy: modeling case-based decisions of the FOMC",2025,"Empirical Economics","Springer Science+Business Media","https://doi.org/10.1007/s00181-024-02709-6","",70,"2026-02-04 12:30:38","article","10.1007/s00181-024-02709-6","0377-7332",,68,6,2799,2828,0,0.00,0,3,1,"","https://link.springer.com/content/pdf/10.1007/s00181-024-02709-6.pdf",""
0,"Xingcheng Xu","The Dynamics of Bond Price Volatility and Yield Curve Movements",2025,"Advances in Economics Management and Political Sciences","","https://doi.org/10.54254/2754-1169/2025.gl26992","",71,"2026-02-04 12:30:38","article","10.54254/2754-1169/2025.gl26992","2754-1169",,216,1,39,43,0,0.00,0,1,1,"The study of bond prices and yield curves is crucial in modern financial markets, as bonds play a significant role in the global economy. Recent market volatility, driven by economic uncertainties and changing interest rate environments, underscores the need for a comprehensive analysis of how yield curve changes impact bond prices. This paper reviews the relationship between the bond price and the change in the yield curves. It explains the basic pricing models and the role of the yield curve, then discusses key drivers of price changes, including interest rate shifts, inflation expectations, and investor sentiment. By using the bond price calculation formula, the analysis shows that yield curve movements influence bond prices through changes in discount rates, while investor behavior and policy expectations can also have various effects on the curve. Lastly, it ends with implications for policymakers and investors, notes the studys limitations, and provides some suggestions for future research.","https://www.ewadirect.com/proceedings/aemps/article/view/26992/pdf",""
0,"Aditya Pokhrel, Shubham Upreti","Monetary Policy Pass Through Considering the Reserve Ratio and Policy Rate in Nepal: An Empirical Gaze Using SVAR Analysis",2025,"Economic Review of Nepal","","https://doi.org/10.3126/ern.v8i1.80742","",72,"2026-02-04 12:30:38","article","10.3126/ern.v8i1.80742","2631-2174",,8,1,34,52,0,0.00,0,2,1,"Utilizing the monthly data from July 2017 to July 2024, this study attempts to analyze the monetary pass through in Nepal with the use of the reserve requirements (quantity) and the repo rate (price) on the base rate and the lending rates. The study fits a 2 lagged VAR and recursively identified SVAR. An interaction term of repo rate and CRR has been used which represents the effects of liquidity constraints. All the series are I (1) using the PP test. Results reveal that a one percentage point increase in repo rate increases the base rate by 0.32 percentage points and the lending rate by 0.45 percentage points (after two months). The corresponding increase in the CRR, increases both the rates by around 0.22 percentage points. A positive and statistically weak interaction term signifies that there's a lame synergy effect. The SVAR impulse responses notify the repo shocks account for 50 percent of the forecast error variance in lending rates over a 12-month period contrasting to the CRR shocks (as 10–15 percent). The pass-through is quicker than with pre-corridor research, however the structural liquidity frictions hinders it to be complete. There is a possibility that Nepal's interest rate-based channel and policy efficiency might be improved by reducing the range of the corridor, adding a counter-cyclical modification to the CRR, and changing the modality of the base rate.","https://www.nepjol.info/index.php/ern/article/download/80742/61826",""
0,"Lukijanovic, Filip","Market sentiment and central bank communication",2025,"Kollektionen Digitale Sammlungen (SLUB Dresden)","SLUB Dresden","https://doi.org/10.48671/hss.2025.ac17715350","",73,"2026-02-04 12:30:38","dissertation","10.48671/hss.2025.ac17715350","",,,,,,0,0.00,0,1,1,"","https://doi.org/10.48671/hss.2025.ac17715350",""
0,"Pietro Fadda, Rayane Hanifi, Klodiana Istrefi, Adrian Penalver","Central bank communication of uncertainty",2025,"Journal of International Money and Finance","Elsevier BV","https://doi.org/10.1016/j.jimonfin.2025.103385","",74,"2026-02-04 12:30:38","article","10.1016/j.jimonfin.2025.103385","0261-5606",,157,,103385,103385,0,0.00,0,4,1,"","",""
0,"Thiago da Costa Albuquerque","Semantic similarity and the communication reform of the Central Bank of Brazil",2025,"","","https://doi.org/10.11606/d.12.2025.tde-03092025-154744","",75,"2026-02-04 12:30:38","dissertation","10.11606/d.12.2025.tde-03092025-154744","",,,,,,0,0.00,0,1,1,"Central bank communication has evolved into a critical instrument for conveying the strategy behind monetary policy, mainly because of its power to move markets. This paper investigates the effects of semantic similarity in the Central Bank of Brazils minutes and statements on market volatility, specifically evaluating its effects on three markets: Brazilian Swap DI × Pré yields, the BRL/USD exchange rate, and the stock market. By expanding the analysis to markets beyond interest rate yields and exploring a developing country context, this study provides new results to the literature. The findings indicate that greater semantic similarity reduces volatility, as it makes the documents easier for market participants to interpret. Additionally, we also evaluate the communication reform introduced during Ilan Goldfajns tenure, aimed at improving the central banks credibility and transparency. The findings suggest that this reform contributed to lower yield volatility. However, no significant reactions were observed in the exchange rate or stock market in response to document tone or similarity.","http://www.teses.usp.br/teses/disponiveis/12/12138/tde-03092025-154744/publico/Corrigida_ThiagoAlbuquerque.pdf",""
0,"Li Tang, Pei Kuang, Carola Binder","Central Bank Communication and House Price Expectations",2025,"AEA Randomized Controlled Trials","","https://doi.org/10.1257/rct.15119-1.0","",76,"2026-02-04 12:30:38","dataset","10.1257/rct.15119-1.0","",,,,,,0,0.00,0,3,1,"","",""
0,"Matthew DiGiuseppe, Ana Carolina Garriga, Andreas Kern","Partisan Bias in Inflation Expectations: Evidence from the 2024 Election",2025,"","","https://doi.org/10.31235/osf.io/qtg8r_v1","",77,"2026-02-04 12:30:38","preprint","10.31235/osf.io/qtg8r_v1","",,,,,,0,0.00,0,3,1,"How does partisanship affect inflation expectations? While most research focuses on how inflation impacts political approval and voter behavior, we analyze the political roots of inflation expectations. We argue that elections serve as key moments when citizens update their economic outlook based on anticipated policy changes, and that partisanship influences these re-evaluations. Using a two-wave panel survey conducted before and after the 2024 U.S. Presidential Election, we show that partisan alignment strongly shapes inflation expectations. Democrats reported heightened inflation expectations, anticipating inflationary policies under a Trump administration, while Republicans expected inflation to fall. These shifts reflect partisan interpretations of economic policy rather than objective forecasts. We also analyze the characteristics of those who are more likely to update inflation expectations and in what direction. Importantly, we verify that individuals with strong partisan attitudes exhibit less anchored inflation expectations. Our findings have implications beyond the case under analysis. From a policy perspective, our results underscore the challenges central banks face in anchoring inflation expectations in an era of political polarization, where economic perceptions differ sharply across partisanship lines.","https://osf.io/qtg8r_v1/download",""
0,"FRANCESCO BRANDÃO FERREIRA DE CARLI","LEADERSHIP IN POLICY-MAKING: EVIDENCE FROM FOMC SPEECHES",2025,"","","https://doi.org/10.17771/pucrio.acad.71918","",78,"2026-02-04 12:30:38","dissertation","10.17771/pucrio.acad.71918","",,,,,,0,0.00,0,1,1,"[pt] Nós estudamos liderança na formulação de políticas utilizando como contexto particular o Federal Open Market Committee (FOMC). Nós utilizamos dados de todos os discursos de membros do FOMC entre 2000 e 2024 e algoritmos de processamento de linguagem natural para construir medidas de taxas de juros sinalizadas por sua comunicação. Nós utilizamos resíduos dessas taxas de juros estimados de funções de reação de Taylor como nossa medida dos choques dos discursos. Nossa estratégia de identificação utiliza pequenas janelas de dias ao redor dos discursos dos membros para estimar seus efeitos no posicionamento de outros discursos. Primeiro, nós mostramos que o Chairman influencia outros membros do comitê, principalmente os menos experientes. Nós também encontramos que essa influência aumenta consideravelmente durante períodos de incerteza elevada. Em seguida, nós decompos o conteúdo dos discursos para estudar mecanismos. O Chair lidera principalmente quando sugere a trajetória apropriada das taxas de juros. Por outro lado, tanto o Chairman como os Presidentes Regionais influenciam os outros membros quando discutem sobre a atividade econômica. Esses resultados são consistentes com um mecanismo de agregação de informação e explicados por um modelo simples de Aprendizado Bayesiano.","https://www.maxwell.vrac.puc-rio.br/71918/71918.PDF",""
0,"Zalán Kocsis, Mónika Mátrai-Pitz","Which Text Method to Choose for Analysing Central Bank Communication? A Comparison of Artificial Intelligence and Previous Techniques",2025,"Financial and Economic Review","","https://doi.org/10.33893/fer.24.4.34","",79,"2026-02-04 12:30:38","article","10.33893/fer.24.4.34","2415-9271",,24,4,34,64,0,0.00,0,2,1,"Our study compares the characteristics of text analysis methods on communications text samples of the US Federal Reserve and four Central and Eastern European central banks. Based on our results, methods based on BERT-type models are the most accurate at capturing the monetary policy, real economic and inflation information contained in central bank texts, outperforming OpenAI GPT-4.1 and GPT-5 models. BERT-type methods are faster than GPT models and can be run offline without a subscription, but their disadvantages are that the models require separate training, which entails hardware and labour costs, and that modifying the method is cumbersome. Conversely, GPT models are more flexible and have proven to be more accurate on new central bank samples. The dictionary-based methods used as benchmarks are significantly less accurate, but their use may be justified in certain cases due to their speed, cost-free operation and the transparency of the method.","https://hitelintezetiszemle.mnb.hu/sw/static/file/fer-24-4-st3-kocsis-matrai-pitz.pdf",""
0,"S. B. Singh","Mapping The Landscape Of Investor Psychology: A Bibliometric Analysis Of Key Psychological Bias",2025,"European Economic Letters (EEL)","Science and Engineering Research Support Society","https://doi.org/10.52783/eel.v15i3.3523","",80,"2026-02-04 12:30:38","article","10.52783/eel.v15i3.3523","2323-5233",,15,3,1318,1335,0,0.00,0,1,1,"Purpose- exploration of investor’s psychology is a prolific among researchers. Despite of the existing studies on the investor’s psychology and their decisions, the gaps still exists in understanding how investor’s behaviour stimulates these decisions. This research paper aims to map the trends of research through trends of publication of overconfidence and herding behaviour of retail investor. Secondly, this research aims to categorise existing and emerging themes of research. Finally, this research will suggest avenues of research on investor’s behaviour affected with herding and overconfidence through signifying the gaps in the existing research. Design- the study has utilises bibliometric analysis to identify the research gaps. Furthermore, biblioshny tool is employed to check the trends of publication, countries, regions, affiliations, journal quality, citations, author influence, high frequency words, and thematic mapping. Another tool vosviewer is used for bibliographic coupling, and geographical. To felicitate the research data was collected through scopus database, spanning from 1992 to 2024, it encompasses 122 research papers. Findings- the study reports an upward trend in the research publication on mapping investor’s psychological bias. Furthermore, the research acknowledges the emerging trends due to evolution of fintech.","https://www.eelet.org.uk/index.php/journal/article/download/3523/3158",""
0,"Disha Mittal, Rajiv Mukherjee, Sadashiv Babbar, Ritvik Kunchakuri, aditya khemani","How well does AI sentiment on ECB rate/QE news predict subsequent short-term Euronext 100 realized volatility?",2025,"International Journal For Multidisciplinary Research","","https://doi.org/10.36948/ijfmr.2025.v07i05.52708","",81,"2026-02-04 12:30:38","article","10.36948/ijfmr.2025.v07i05.52708","2582-2160",,7,5,,,0,0.00,0,5,1,"This paper investigates the predictive power of artificial intelligence (AI)-based sentiment analysis on European Central Bank (ECB) monetary policy communications—specifically rate decisions and quantitative easing (QE) announcements—on the short-term realized volatility of the Euronext 100 Index. Leveraging natural language processing (NLP) techniques, sentiment scores are extracted from ECB press releases and news coverage. We then assess whether these sentiment measures can serve as leading indicators for post-announcement market volatility over one-day to five-day windows. Our empirical analysis utilizes high-frequency Euronext 100 data and multiple regression models with control variables, including macroeconomic indicators and lagged volatility. Results indicate a statistically significant relationship between ECB sentiment and short-term realized volatility, with dovish sentiment correlating with increased volatility under high inflationary conditions. These findings offer practical applications for short-term risk modeling and highlight the potential of AI in understanding how language influences financial markets.","https://www.ijfmr.com/papers/2025/5/52708.pdf",""
0,"Jaromír Baxa, Nino Buliskeria, Jiří Schwarz, Ali Elminejad","Central bank communication and Inflation expectations after high inflation",2025,"AEA Randomized Controlled Trials","","https://doi.org/10.1257/rct.16769-2.0","",82,"2026-02-04 12:30:38","dataset","10.1257/rct.16769-2.0","",,,,,,0,0.00,0,4,1,"","",""
0,"Rubén Fernàndez-Fuertes","Monetary Policy Schocks: A New Hope&amp;nbsp;Large Language Models and Central Bank Communication",2025,"SSRN Electronic Journal","RELX Group (Netherlands)","https://doi.org/10.2139/ssrn.5681210","",83,"2026-02-04 12:30:38","preprint","10.2139/ssrn.5681210","1556-5068",,,,,,0,0.00,0,1,1,"","https://doi.org/10.2139/ssrn.5681210",""
0,"Lena Dräger","Central Bank Communication with the General Public",2025,"","","https://doi.org/10.4324/9781003379010-14","",84,"2026-02-04 12:30:38","book-chapter","10.4324/9781003379010-14","",,,,213,232,0,0.00,0,1,1,"","https://doi.org/10.4324/9781003379010-14",""
0,"Pilar García, Diego Torres","Perceiving central bank communications through press coverage",2025,"Documentos de trabajo/Documento de trabajo - Banco de España, Servicio de Estudios","","https://doi.org/10.53479/38922","",85,"2026-02-04 12:30:38","report","10.53479/38922","0213-2710",,,,,,0,0.00,0,2,1,"We present evidence suggesting that a simple measure of central bank communication tone, as perceived and interpreted by the media, correlates with the performance of financial assets and market participants’ expectations. This correlation appears even stronger than that of indices constructed using more complex models, such as a large language models like BERT. We employ a straightforward quantitative index, inspired by the well-known Baker, Bloom and Davis (2016) paper, using a “bag of words” approach and semantic orientation to measure this media-perceived tone orientation in terms of dovishness or hawkishness. Our approach, which emphasises the perception by the press media, contrasts with previous research that focused primarily on central bank minutes or speeches. Our preliminary findings reveal a statistically significant correlation with the movements of 2, 5 and 10-year US Treasury yields, with reactions being faster and more pronounced for shorter maturities. Our index also shows a leading correlation with some measures of inflation expectations, investor sentiment proxies, the stock market and the dollar. Additionally, to account for the impact of COVID-19, we propose the use of Google search trends as a proxy variable.","https://repositorio.bde.es/bitstream/123456789/38922/1/dt2505e.pdf",""
0,"Stefano Grassi","Sentiment Classification of Thai Central Bank Press Releases Using Supervised Learning",2025,"arXiv (Cornell University)","Cornell University","http://arxiv.org/abs/2503.22629","",86,"2026-02-04 12:30:38","preprint","10.48550/arxiv.2503.22629","",,,,,,0,0.00,0,1,1,"Central bank communication plays a critical role in shaping economic expectations and monetary policy effectiveness. This study applies supervised machine learning techniques to classify the sentiment of press releases from the Bank of Thailand, addressing gaps in research that primarily focus on lexicon-based approaches. My findings show that supervised learning can be an effective method, even with smaller datasets, and serves as a starting point for further automation. However, achieving higher accuracy and better generalization requires a substantial amount of labeled data, which is time-consuming and demands expertise. Using models such as Naïve Bayes, Random Forest and SVM, this study demonstrates the applicability of machine learning for central bank sentiment analysis, with English-language communications from the Thai Central Bank as a case study.","https://arxiv.org/pdf/2503.22629",""
0,"WSHIU Academy of Applied Sciences","Monetary Policy and Inflation Dynamics: A Comparative Analysis of Pre- and Post-Pandemic Periods in Poland and in Selected Economies",2025,"Studia Sieci Uniwersytetów Pogranicza","University of Białystok","https://doi.org/10.15290/sup.2025.09.21","",87,"2026-02-04 12:30:38","article","10.15290/sup.2025.09.21","2544-5790",,9,,338,353,0,0.00,0,1,1,"Goal – The study assesses the effectiveness of Poland’s monetary policy in curbing inflation between 2015–2023, focusing on post-pandemic structural shifts. It verifies the effectiveness of the National Bank of Poland’s (NBP) conventional (interest rates) and unconventional (QE) tools, considering the international context and the structural nature of inflation. Research methodology – The methodology relies on a Vector Autoregression (VAR) model and Granger causality tests on quarterly data (2015–2023). This quantitative analysis is deepened by insights from structural (DSGE) and agent-based (ABM) models, comparative analysis, and qualitative analysis of central bank communication. Score/results – Result Interest rate hikes effectively, though with a 4–6 quarter lag, limited inflation; a temporary ‘price puzzle’ was noted. QE’s impact on inflation was short-lived and marginal. External cost shocks were confirmed as the dominant driver of Poland’s inflation (structural models attribute 8–10 p.p. of the 16.1% peak to them). NBP’s policy was necessary to anchor expectations, but its effectiveness was limited by global factors. The analysis also revealed a “distributional trilemma”. Originality/value – The article combines detailed econometric analysis for Poland (VAR, Granger) with a broad international context and an in-depth analysis of transmission mechanisms under dominant external supply shocks. It integrates findings from VAR, DSGE, and ABM models to explain post-pandemic inflation dynamics.","https://repozytorium.uwb.edu.pl/jspui/bitstream/11320/19552/1/SUP_9_2025_K_Trzonkowski_Monetary_Policy_and_Inflation_Dynamics.pdf",""
0,"Wei Li, Wenhua Hu","Small notes, big impact: Enhancing monetary policy transmission through central bank communication",2025,"Pacific-Basin Finance Journal","Elsevier BV","https://doi.org/10.1016/j.pacfin.2025.103050","",88,"2026-02-04 12:30:38","article","10.1016/j.pacfin.2025.103050","0927-538X",,96,,103050,103050,0,0.00,0,2,1,"","https://doi.org/10.1016/j.pacfin.2025.103050",""
0,"Khampheng Vongchanh","INTEGRATING BEHAVIORAL ECONOMICS INTO MONETARY POLICY DECISION-MAKING: A THEORETICAL REVIEW",2025,"Count Journal of Accounting Business and Management","","https://doi.org/10.61677/count.v3i2.557","",89,"2026-02-04 12:30:38","article","10.61677/count.v3i2.557","3026-6130",,3,2,,,0,0.00,0,1,1,"This study aims to explore how behavioral economics can be systematically integrated into monetary policy decision-making frameworks to enhance their theoretical realism and practical effectiveness. Traditional monetary models, grounded in rational expectations, often fail to anticipate how cognitive biases distort public responses to interest rates, inflation targeting, and central bank communication. Using a structured literature review method, the research analyzes peer-reviewed publications, institutional reports, and theoretical models from 2015 to 2025. The findings reveal that behavioral biases such as present bias, loss aversion, overconfidence, and framing effects significantly influence the transmission and credibility of monetary policy. However, most central banks still rely on models that treat these behavioral patterns as peripheral, leading to inefficiencies in policy design and communication. The novelty of this study lies in the development of a conceptual framework and a behavioral taxonomy tailored for monetary policy applications—bridging gaps between behavioral theory and macroeconomic practice. Additionally, it highlights the institutional inertia and narrative misalignment that often obstruct the operationalization of behavioral insights in central banking. The study proposes that adaptive learning models and narrative-sensitive strategies offer promising pathways for reforming monetary frameworks. In conclusion, integrating behavioral economics is not just a theoretical enhancement but a necessary evolution for more credible, inclusive, and psychologically grounded monetary policy. This research contributes to both academic discourse and global policymaking by offering a unified approach to behavioral monetary theory.","https://fahruddin.org/count/article/download/557/405",""
0,"Arnold Segawa, Magdalene  Kasyoka Wilson, Eric  Schaling","Evolving Monetary Policy Communication: Evidence from the South African Context",2025,"DOAJ (DOAJ: Directory of Open Access Journals)","","https://doaj.org/article/670c3609338a4ff3a04ec82f6b11d66a","",90,"2026-02-04 12:30:38","article","10.36615/et3mf628","",,,,,,0,0.00,0,3,1,"This article reviews changes in communications at the South African Reserve Bank since the adoption of inflation targeting in February 2000. In particular, it examines the shift towards evolving methods of communication by the South African Reserve Bank through the use of new technologies and approaches intended to increase accountability and transparency. The analysis extensively evaluates the South African Reserve Bank’s communication tools and how they affect the effectiveness of monetary policy implementation in the South African context. Notably, this study employs the Flesch-Kincaid Grade Level metric to assess the effect of communication readability on domestic inflation expectations. By using readability scores as a proxy for clarity, the research measures the impact that central bank communication standards have on market agents’ inflation expectations and their interpretation of monetary policy. The findings reveal that the South African Reserve Bank’s communication clarity has a significant inverse relationship with South African market participants’ long-run inflation expectations, highlighting the vital role of clear central bank communication in anchoring inflation expectations.","",""
0,"Edoardo Beretta, Vera Dianova, Rudi Palmieri","Debate: Strategic uncertainty in central bank communication and policy—A madman theory approach",2025,"Public Money & Management","Taylor & Francis","https://doi.org/10.1080/09540962.2025.2550635","",91,"2026-02-04 12:30:38","article","10.1080/09540962.2025.2550635","0954-0962",,,,1,3,0,0.00,0,3,1,"","https://www.tandfonline.com/doi/pdf/10.1080/09540962.2025.2550635?needAccess=true",""
0,"Martin T. Bohl, Niklas Humann, Pierre L. Siklos","The Monetary Policy–Commodities Nexus: A Survey",2025,"Journal of Economic Surveys","Wiley","https://doi.org/10.1111/joes.70025","",92,"2026-02-04 12:30:38","article","10.1111/joes.70025","0950-0804",,,,,,0,0.00,0,3,1,"ABSTRACT This survey synthesizes evidence on the bidirectional links between commodity markets and monetary policy. On the commodities‐to‐policy side, we review how shocks to energy, food, and metals pass through to inflation, inflation expectations, economic activity, and financial stability in state‐dependent ways that vary by shock type, exposure, and policy regime. We complement the literature with an analysis of central‐bank speeches, showing how officials classify commodity shocks and how these framings map into policy stances. On the policy‐to‐commodities side, we organize evidence on the transmission of monetary policy to commodity markets via financial, real‐economy, and expectations channels, highlighting heterogeneity across policy instruments, commodities, and central banks. We emphasize how financialization tightens cross‐asset linkages, raises leverage and margin sensitivity, and amplifies discount‐rate and risk‐taking mechanisms. Overall, commodities are best treated as policy‐sensitive state variables, not exogenous disturbances, with implications for policy design, central bank communication, and international monetary spillovers.","https://onlinelibrary.wiley.com/doi/pdfdirect/10.1111/joes.70025",""
0,"Magdalena Szyszko, Aleksandra Rutkowska, Олена Мотузка","Central bank communication during the war: the case of the National Bank of Ukraine",2025,"Post-Soviet Affairs","Taylor & Francis","https://doi.org/10.1080/1060586x.2025.2528508","",93,"2026-02-04 12:30:38","article","10.1080/1060586x.2025.2528508","1060-586X",,41,6,611,642,0,0.00,0,3,1,"","",""
0,"André Rehbein-Sathler","Money as Information: Economical and Philosophical Implications for the Quantity Theory of Money",2025,"International Journal of Economics and Finance","Canadian Center of Science and Education","https://doi.org/10.5539/ijef.v17n2p99","",94,"2026-02-04 12:30:38","article","10.5539/ijef.v17n2p99","1916-971X",,17,2,99,99,0,0.00,0,1,1,"This paper develops a novel theoretical framework that reconceptualizes money as information, extending the classical Quantity Theory of Money through information theory. By substituting Shannon&amp;rsquo;s entropy equation for the traditional quantity of money variable in Fisher&amp;rsquo;s equation of exchange, we establish a new analytical framework for understanding monetary phenomena. Our approach yields three primary contributions. First, we demonstrate how monetary systems can be analyzed through their informational properties, with particular attention to limit cases where informational entropy approaches zero (analogous to gold standard systems) or infinity (corresponding to hyperinflationary scenarios). Second, we explore how this informational perspective provides new insights into monetary stability and policy effectiveness, especially relevant for digital currencies and modern financial systems. Third, we examine the philosophical implications of viewing money as information, engaging with questions of ontology, phenomenology, and ethics in monetary systems. The framework proves particularly valuable for analyzing contemporary monetary phenomena, including cryptocurrency systems and digital central bank currencies. Our findings suggest that monetary stability depends not merely on quantitative factors but on the quality and reliability of information transmission within the economic system, offering new perspectives for monetary policy and financial system design.","https://ccsenet.org/journal/index.php/ijef/article/download/0/0/51182/55555",""
0,"Muhammad Arif Nadeem, Malka Liaquat, Sana Munir, Syed Zain Ul Abidin, Mahreen Tirmzi","Inflation and Inflation Uncertainty in Pakistan: A GARCH Model Analysis",2025,"The critical review of social sciences studies","","https://doi.org/10.59075/0ajjn226","",95,"2026-02-04 12:30:38","article","10.59075/0ajjn226","3006-7162",,3,4,1395,1404,0,0.00,0,5,1,"This study examines the relationship between inflation and inflation uncertainty in Pakistan using monthly CPI data from 1990 to 2022. Employing GARCH and EGARCH models, we find robust evidence supporting Friedman's hypothesis that higher inflation increases uncertainty, with significant volatility persistence (α+β = 0.944). The EGARCH results reveal asymmetric effects, showing positive inflation shocks amplify uncertainty more than adverse shocks (γ = 0.158). Granger causality tests confirm bidirectional feedback, with stronger causality from inflation to uncertainty (F = 5.327) than vice versa ( ). Subsample analysis indicates increased volatility persistence post-2015 central bank reforms ( ) Rural-rural comparisons demonstrate higher baseline uncertainty in rural areas (hₜ = 1.026 vs. 0.842) but stronger asymmetric responses in urban centres. The findings highlight the complex interplay between price stability and economic uncertainty in developing economies, emphasizing how institutional frameworks and regional disparities shape inflation dynamics. Policy implications suggest the need for strengthened central bank communication, regionally differentiated approaches to inflation control, and enhanced monitoring of uncertainty indicators. This research adds to existing knowledge because it provides more detailed empirical evidence on the inflation-uncertainty nexus in Pakistan and contributes methodological insights that will also apply to other emerging economies with similar macroeconomic challenges. This finding demonstrates the need for coherence of monetary and structural policies to disentangle the cyclical relationship between inflation and uncertainty in developing economies.","https://thecrsss.com/index.php/Journal/article/download/1047/1045",""
0,"Baehaqi Baehaqi, Mohammad Najib Roodhi, Muhammad Mujahid Dakwah","Global and Regional Evolution of Economic Communication Research (1960–2024): Systematic Review and Bibliometric Analysis",2025,"INJECT (Interdisciplinary Journal of Communication)","Institut Agama Islam Negeri (IAIN) Salatiga","https://doi.org/10.18326/inject.v10i2.4884","",96,"2026-02-04 12:30:38","article","10.18326/inject.v10i2.4884","2548-5857",,10,2,275,298,0,0.00,0,3,1,"This study provides the first longitudinal and global mapping of the evolution of Economic Communication from 1960 to 2024 by combining a systematic literature review (PRISMA) with bibliometric analysis (VOSviewer) of 117 Scopus-indexed articles. The findings reveal that the field has transformed from fragmented, discipline-specific studies into an interdisciplinary domain shaped by digital transformation, globalization, and shifting policy agendas. Five interconnected thematic clusters were identified—macroeconomic growth, sustainability communication, ICT–FDI linkages, digital inequality, and crisis-related messaging—highlighting communication’s function as a governance tool, an enabler of inclusive participation, and a driver of resilience. By embedding these clusters within frameworks such as Risk Communication Theory, the Digital Divide Framework, and Global Value Chain Theory, the study advances conceptual clarity and situates communication at the center of development and policy discourse. Its contribution lies in offering a theory-anchored synthesis that bridges structural mapping with interpretive insight, while foregrounding emerging contributions from the Global South. Limitations include reliance on Scopus and English-language publications, which risks selection and language bias. Future research should expand to multi-database and multilingual corpora, integrate mixed-method approaches, and examine AI-mediated communication to address inequalities and institutional trust in diverse contexts.","https://ejournal.uinsalatiga.ac.id/index.php/inject/article/download/4884/839",""
0,"Richard H. Clarida","Post-Pandemic Global Inflation, Disinflation, and Central Bank Policy Responses: A Review of the Facts, Empirical Findings, and their Implications for Monetary Policy Framework Assessments",2025,"","","https://doi.org/10.3386/w33885","",97,"2026-02-04 12:30:38","review","10.3386/w33885","",,,,,,0,0.00,0,1,1,"","https://doi.org/10.3386/w33885",""
0,"Umberto Collodel","Interpreting the Interpreter: Can We Model post-ECB Conferences Volatility with LLM Agents?",2025,"arXiv (Cornell University)","Cornell University","http://arxiv.org/abs/2508.13635","",98,"2026-02-04 12:30:38","preprint","10.48550/arxiv.2508.13635","",,,,,,0,0.00,0,1,1,"Traditional high-frequency identification of monetary policy communication effects operates ex-post, precluding evaluation of alternative strategies before publication. In this paper, we introduce an ex-ante framework that simulates heterogeneous market reactions to central bank communication before release. Our methodology employs Large Language Models (LLMs) to construct an agent-based simulation of 30 synthetic traders with heterogeneous risk preferences, cognitive biases, and interpretive styles. These agents process European Central Bank (ECB) press conference transcripts and forecast Euro interest rate swap rates across 3-month, 2-year, and 10-year maturities. Cross-sectional forecast dispersion provides a model-based measure of market disagreement, validated against realized overnight index swap (OIS) volatility. Analyzing 283 ECB press conferences (June 1998-April 2025), we document Spearman correlations of approximately 0.5 between simulated and realized disagreement, rising to 0.6 under iterative prompt optimization. Results prove robust across prompting strategies, are temporally stable across training and holdout samples, and fare significantly better than simple language complexity scores. For central banks, the framework provides an operational tool to anticipate communication-induced volatility before release, thus enabling ex-ante language refinement. For researchers, it offers a micro-founded alternative to reduced-form event studies, explicitly modeling the heterogeneous interpretive processes through which policy signals are transmitted to asset prices.","https://arxiv.org/pdf/2508.13635",""
0,"Jonas Dovern","Interpersonal trust, trust in central banks and central bank communication",2025,"AEA Randomized Controlled Trials","","https://doi.org/10.1257/rct.16427","",99,"2026-02-04 12:30:38","dataset","10.1257/rct.16427","",,,,,,0,0.00,0,1,1,"","",""
0,"Siti Maysyaroh, Siti Angelina Pratiwi, Mawaddah, Sukma Winnata Saputri, Andi Humairah, Siti Khomsatun","Accountability and Transparency of Hajj Fund Financial Management: A Bibliometric Analysis",2025,"Halal Tourism and Pilgrimage","","https://doi.org/10.58968/htp.v4i1.588","",100,"2026-02-04 12:30:38","article","10.58968/htp.v4i1.588","2985-4180",,4,1,,,0,0.00,0,6,1,"This paper aims to explore the accountability and transparency of Hajj fund management through bibliometric analysis and data examination. This study uses paper publication data sourced from various research journals on the theme of Hajj fund management. The data was collected within the last 10 years. As a result, there were 103 publications related to the theme of ""Accountability and Transparency Hajj Funds Management"" in the period 2014-2023. In addition, the development trend of Hajj funds management publications was analyzed using VOS Viewer. This research method can be described as a descriptive approach based on bibliometric analysis. The data used in this study came from Hajj fund management publications taken from the Google Scholar database. The results of the study show that some popular topics and keywords are used in this theme and have the potential to be developed further. In addition, some of the most prolific journals and authors can be used as reference considerations for researchers to further explore this topic. This study only focuses on knowing the development trend of keywords, authors and journals published on the theme of Accountability and Transparency of Hajj Fund Financial Management, thematic evolution that describes the development of keywords, then the production of top authors over time which shows the productivity of authors.","https://journals.smartinsight.id/index.php/HTP/article/download/588/533",""
0,"Thiago Luis de Oliveira Albuquerque","Similaridade semântica e a reforma da comunicação do Banco Central do Brasil",2025,"Digital Library of Theses and Dissertations  (Universidade de São Paulo)","Universidade de São Paulo","https://www.teses.usp.br/teses/disponiveis/12/12138/tde-03092025-154744/","",101,"2026-02-04 12:30:38","dissertation","","",,,,,,0,0.00,0,1,1,"Central bank communication has evolved into a critical instrument for conveying the strategy behind monetary policy, mainly because of its power to move markets. This paper investigates the effects of semantic similarity in the Central Bank of Brazils minutes and statements on market volatility, specifically evaluating its effects on three markets: Brazilian Swap DI × Pré yields, the BRL/USD exchange rate, and the stock market. By expanding the analysis to markets beyond interest rate yields and exploring a developing country context, this study provides new results to the literature. The findings indicate that greater semantic similarity reduces volatility, as it makes the documents easier for market participants to interpret. Additionally, we also evaluate the communication reform introduced during Ilan Goldfajns tenure, aimed at improving the central banks credibility and transparency. The findings suggest that this reform contributed to lower yield volatility. However, no significant reactions were observed in the exchange rate or stock market in response to document tone or similarity.","",""
0,"Martin Feldkircher, Christos Makridis","Words Matter: Central Bank Communication and Household Expectations in a Global Panel",2025,"SSRN Electronic Journal","RELX Group (Netherlands)","https://doi.org/10.2139/ssrn.5359235","",102,"2026-02-04 12:30:38","preprint","10.2139/ssrn.5359235","1556-5068",,,,,,0,0.00,0,2,1,"","https://doi.org/10.2139/ssrn.5359235",""
0,"Marina Conesa Martinez","Leveraging central bank communication to foster sustainable finance",2025,"London School of Economics and Political Science Research Online (London School of Economics and Political Science)","London School of Economics and Political Science","","",103,"2026-02-04 12:30:38","other","","",,,,,,0,0.00,0,1,1,"This policy brief explores the role of communication by central banks as they facilitate the operation of green bond markets. It analyses whether the integration of climate considerations into central banks’ communication strategies has had an effect on market behaviour. Summary An estimated US$4.5 trillion in annual investment is needed to meet the Paris Agreement targets and reduce the possibility of a significant drop in global GDP caused by unmitigated climate change. Central banks can play a crucial role in addressing this challenge by incorporating climate-related considerations into their frameworks, including strategic communication. Subject to legal requirements, central banks may also assume a catalytic role in promoting sustainable development. Cross-country evidence suggests that more active messaging from central banks about climate change considerations is positively associated with green bond issuance at the firm level. Green bonds and similar instruments can help channel funding to renewable energy, clean transport and other environmental projects. Overall, analysis of central bank speeches suggests that these communications can serve as a soft tool to bridge the financing gap for a low-carbon economy. By clearly communicating climate-related risks and policies, central banks could reduce uncertainty around their actions, foster confidence among investors and firms, and align market behaviour with long-term sustainability goals, ultimately supporting their objectives such as price and financial stability. Recommendations – central banks could: Regularly report on progress made on climate-related initiatives to strengthen credibility, address concerns about mandate overreach, and strengthen stakeholder trust. Integrate discussion of climate risks and policies into their regular communications wherever relevant, such as monetary policy statements, speeches and reports, to guide market behaviour and foster confidence in sustainable finance. Collaborate with international organisations to standardise taxonomies and verification mechanisms, ensuring credibility and addressing greenwashing.","",""
0,"Manuel Martı́nez","The Impact of Central Bank Climate Communication on Green Bonds",2025,"IMF Working Paper","International Monetary Fund","https://doi.org/10.5089/9798229021609.001","",104,"2026-02-04 12:30:38","article","10.5089/9798229021609.001","1018-5941",,2025,169,1,1,0,0.00,0,1,1,"This paper analyzes how central banks' communication influences corporate financial decisions and instruments. Empirically, we find that more active central bank communication is associated with a rise in firms' green bond issuance. The effect seems to be particularly strong among commercial banks, firms closely monitoring central bank climate communication, and firms with higher exposure to weather-related risks and opportunities. This likely reflects strategic responses to anticipated regulatory and market shifts.","https://doi.org/10.5089/9798229021609.001",""
0,"C. Alves, Márcio Poletti Laurini","The effects of Brazilian Central Bank communication on the yield curve",2025,"Macroeconomic Dynamics","Cambridge University Press","https://doi.org/10.1017/s1365100524000725","",105,"2026-02-04 12:30:38","article","10.1017/s1365100524000725","1365-1005",,29,,,,0,0.00,0,2,1,"Abstract This paper investigates the bidirectional relation between the Brazilian Central Bank communication and the yield curve. Using latent factors, observable macroeconomic variables, and observable variables representing Central Bank communication, we estimate a model that summarizes the yield curve. We find evidence of the effects of Brazilian Central Bank communication on the movements of the yield curve and the impact of the yield curve components in Brazilian Central Bank communication. In particular, Central Bank communication can shape yield curve curvature and slope. Additionally, we find a strong relation between Central Bank communication and the curvature of the yield curve. These results show that Central Bank communication impacts market players, making it a valuable instrument for monetary policy.","",""
0,"Jaromír Baxa, Nino Buliskeria, Jiří Schwarz, Ali Elminejad","Central bank communication and Inflation expectations after high inflation",2025,"AEA Randomized Controlled Trials","","https://doi.org/10.1257/rct.16769","",106,"2026-02-04 12:30:38","dataset","10.1257/rct.16769","",,,,,,0,0.00,0,4,1,"","",""
0,"Yinuo Sun","Analysis of Federal Reserve Policy and Its Impact During the Onset of the COVID-19 Outbreak",2025,"Advances in Economics Management and Political Sciences","","https://doi.org/10.54254/2754-1169/2024.19464","",107,"2026-02-04 12:30:38","article","10.54254/2754-1169/2024.19464","2754-1169",,152,1,21,28,0,0.00,0,1,1,"The situation caused by COVID-19 is a typical case where a major health event has a profound impact on the economy. Additionally, this is also the period with the most significant economic fluctuations since the economic crisis of 2008. This paper researches the impact of the COVID-19 on the United States of America economic conditions and evaluates the effectiveness of the Federal Reserve's monetary policies during the early outbreak. By selecting key timeframes, the paper analyzes fluctuations in treasury yields, stock markets, inflation, exchange rates, and unemployment obtained from Federal Reserve Economic Data. This study also assesses the Federal Reserve System's performance by examining the characteristics of policies themselves and economic response. Using the Taylor Rule, this research further explores the limitations of traditional monetary tools during unprecedented economic disruptions. The findings suggest that while the Fed's actions provided some stabilization, their overall effectiveness in reversing the economic downturn was limited, particularly in mitigating unemployment and wealth inequality.","https://www.ewadirect.com/proceedings/aemps/article/view/19464/pdf",""
0,"Dongnan Liu, Jong‐Min Kim","Monetary Policy Sentiment and Its Influence on Healthcare and Technology Markets: A Transformer Model Approach",2025,"Analytics","Multidisciplinary Digital Publishing Institute","https://doi.org/10.3390/analytics4010006","",108,"2026-02-04 12:30:38","article","10.3390/analytics4010006","2813-2203",,4,1,6,6,0,0.00,0,2,1,"This study investigates how the Federal Open Market Committee’s (FOMC) statements impact healthcare spending, mental health trends, and stock performance in healthcare and tech sectors By analyzing FOMC’s sentiment from 2018 to 2024, we found that higher sentiment correlates with increased depressive disorders (2019–2021) and tech stock returns, especially for the “Magnificent Seven” (like Apple and Amazon). Although healthcare stocks showed weaker ties to sentiment, Granger causality tests suggest some influence, hinting at ways to adjust stock strategies based on FOMC trends. These results highlight how central bank communication can shape both mental health dynamics and investment decisions in healthcare and technology.","https://doi.org/10.3390/analytics4010006",""
0,"Andrey Koshkin, Inessa Penkova","The evolution of the concept of central bank communication as a tool: from a threat to financial stability to an element of the economic security system",2025,"Национальная безопасность / nota bene","Aurora Group s.r.o.","https://doi.org/10.7256/2454-0668.2025.5.76466","",109,"2026-02-04 12:30:38","article","10.7256/2454-0668.2025.5.76466","2454-0668",,,5,1,15,0,0.00,0,2,1,"The subject of this research is the evolution of communication policy of central banks as a key tool of monetary regulation. The work traces the fundamental transformation of the role of communication: from the historical doctrine of secrecy, where it was considered a potential threat to financial stability, through its recognition as a routine mechanism for managing inflation expectations, to its modern affirmation as a strategic element of the state's economic security system. The analysis focuses on the shift in theoretical paradigms influenced by the development of economic thought (from the theory of time-inconsistency to the theory of inflation targeting), as well as specific discursive practices and verbal interventions of central banks (using examples from the US Federal Reserve, the ECB, and the Bank of Russia) during periods of financial stability and systemic crises. The research shows how communication has transformed from an optional addition into an independent channel of the transmission mechanism, directly influencing financial sovereignty. The study employs a range of qualitative methods: historical-genetic analysis to reconstruct the evolution of the paradigm, discourse analysis of key verbal interventions, comparative analysis of practices across different jurisdictions, and an institutional approach to interpret the results. The scientific novelty of the work lies in the systematic justification of the transition of central bank communication into the category of elements of national economic security. A key conclusion is the assertion of the performative nature of modern monetary communication: in times of crisis, verbal intervention not only describes reality but actively constructs it, serving as an independent tool for stabilization and preventing a collapse of trust. The research identifies and analyzes the ""transparency paradox,"" whereby the pursuit of maximum clarity generates risks of excessive dependence of markets on communication signals. Using the example of the Bank of Russia in 2022, the study details how the deliberate construction of narratives (the temporariness of the shock, resource adequacy, and guarantees of support) functions to preemptively suppress panic, directly relating to the goals of ensuring financial sovereignty and stability.","https://doi.org/10.7256/2454-0668.2025.5.76466",""
0,"Alan Scarpari Pereira","Central bank communication and bank risk-taking an empirical analysis for Brazil",2025,"","","https://app.uff.br/riuff/handle/1/37953","",110,"2026-02-04 12:30:38","dissertation","","",,,,,,0,0.00,0,1,1,"A tomada de risco por parte dos bancos pode ser influenciada por políticas monetárias, como as políticas de comunicação de um banco central. O sinal emitido pelo banco central sobre um provável aumento (ou redução) na taxa básica de juros para a próxima reunião de política e sua percepção pessimista (ou otimista) em relação ao ambiente macroeconômico são responsáveis por induzir os bancos a assumir menos (ou mais) riscos. Neste estudo, pretendem-se fornecer evidências para a relação entre as políticas monetária, a comunicação do banco central e a tomada de risco dos bancos, bem como para a ligação entre o canal de tomada de risco e o canal de crédito. As estimativas obtidas por meio de diferentes métodos econométricos mostraram que a sinalização de política monetária e a percepção do banco central sobre o ambiente macroeconômico influenciam a tomada de risco dos bancos, ou seja, a comunicação do banco central afeta o comportamento dos bancos uma vez que suas percepções de risco são afetados.","https://app.uff.br/riuff/handle/1/37953",""
0,"Mathias Hoffmann, Emanuel Moench, Lora Pavlova, Guido Schultefrankenfeld","A KISS for Central Bank Communication in Times of High Inflation",2025,"SSRN Electronic Journal","RELX Group (Netherlands)","https://doi.org/10.2139/ssrn.5289027","",111,"2026-02-04 12:30:38","preprint","10.2139/ssrn.5289027","1556-5068",,,,,,0,0.00,0,4,1,"","https://doi.org/10.2139/ssrn.5289027",""
0,"Ginna Novarianti Dwi Putri Pramesti","Interest Rate Policy and Foreign Investors' Perceptions of Investment Risks in Indonesia: An Event Study Approach",2025,"Economics Monetary Journal","","https://doi.org/10.64910/ecmont.v1i2.11","",112,"2026-02-04 12:30:38","article","10.64910/ecmont.v1i2.11","3109-0338",,1,2,87,98,0,0.00,0,1,1,"Changes in the benchmark interest rate by monetary authorities are often an important catalyst for financial market dynamics, particularly in influencing the risk perception of foreign investors in developing countries such as Indonesia. In this context, this study aims to analyze the influence of Bank Indonesia's interest rate policy on foreign investors' perception of investment risks, with an event study approach. This study uses secondary data that includes daily stock prices, exchange rates, and foreign capital flows during the period 2020–2023. The research sample consisted of companies listed on the Indonesia Stock Exchange and actively traded during the observation period. Data analysis techniques include calculation of abnormal returns (AR) and cumulative abnormal returns (CAR), as well as statistical testing with t-tests and Wilcoxon Signed-Rank. The results show that the announcement of interest rate cuts consistently results in abnormal positive returns and increased foreign capital flows, while interest rate hikes lead to abnormal negative returns and capital withdrawals by foreign investors. A significant market response mainly occurred on the 1st to 3rd day after the announcement, which shows the market efficiency of the semi-strong form. These findings confirm that interest rate policy has a high information value and directly influences the risk perception of foreign investors. The practical implications of this study underscore the importance of transparency and consistency of monetary policy communication to maintain market stability and investment attractiveness in Indonesia.","https://ecmont.com/index.php/ojs/article/download/11/9",""
0,"Oyindamola Omolara Ogunruku","Advanced deep learning approaches for forecasting financial market volatility",2025,"GSC Advanced Research and Reviews","","https://doi.org/10.30574/gscarr.2025.23.3.0163","",113,"2026-02-04 12:30:38","article","10.30574/gscarr.2025.23.3.0163","2582-4597",,23,3,277,286,0,0.00,0,1,1,"Financial market volatility forecasting has experienced significant advancement through the integration of advanced deep learning algorithms that enable sophisticated analysis of complex market dynamics. This review examines how deep learning applications have transformed predictive capabilities in financial markets, creating opportunities for enhanced risk management, portfolio optimization, and trading strategy development. By analyzing patterns in price movements, trading volumes, and market microstructure data, financial institutions can now anticipate volatility changes with unprecedented accuracy. The research highlights key algorithmic approaches including Long Short-Term Memory networks, Convolutional Neural Networks, and Transformer architectures that have demonstrated significant improvements in forecasting performance across diverse market contexts. Notable challenges persist in model interpretability, overfitting concerns, and adaptation to rapidly evolving market regimes. This review synthesizes findings from recent implementations across major financial institutions, revealing that hybrid deep learning systems leveraging multiple data sources consistently outperform traditional econometric methods. Future directions point toward physics-informed networks and cross-asset volatility modeling that promise to further refine predictive capabilities in increasingly interconnected global markets.","https://gsconlinepress.com/journals/gscarr/sites/default/files/GSCARR-2025-0163.pdf",""
0,"Wabitsch, A","Inflation expectations & central bank communication",2025,"Oxford University Research Archive (ORA) (University of Oxford)","University of Oxford","","",114,"2026-02-04 12:30:38","dissertation","","",,,,,,0,0.00,0,1,1,"This thesis studies how households form and report inflation expectations, and how communication can be used as a policy tool to guide these macroeconomic expectations. I use a combination of big data, experiments, and theoretical modeling to address critical questions: Is central bank communication successfully reaching the public? What is the role of the messenger for this communication? And does it matter how macroeconomic expectations are elicited? <br><br>Chapter 1, “<em>The Messenger Matters</em>”, explores the role the messenger plays in reaching the public and shaping individuals’ beliefs about future inflation. To investigate how messenger characteristics affect central bank communication, focusing on nationality within the Euro area, I first create a novel dataset of over eight million tweets in five languages, and then design a tailored inflation forecasting experiment that I implement in four different countries. I find positive ingroup effects: communication is more effective—in both reach and influence—when the characteristics of the messenger and receiver align. The causal ingroup effect on inflation expectations is driven by homophily and rooted in trust. Delegating communication to national central banks or other board members replicates these positive effects. Based on these novel empirical insights, I develop a stylized coordination model that demonstrates how strategically selecting messengers maximizes social welfare, thereby offering a powerful policy tool for effective public communication. This work was awarded the P<em>eter Sinclair Prize</em> from the <em>British Money Macro and Finance Society (MMF)</em>. <br><br>Chapter 2, “<em>Central Bank Communication With Non-Experts—A Road to Nowhere?</em>”, explores whether central banks successfully reach the public with their efforts to communicate effectively to manage inflation expectations, foster trust, and reduce uncertainty. We find that non-experts are listening occasionally, but experts are reached much more easily. This chapter is co-authored with Michael Ehrmann and published in the <em>Journal of Monetary Economics</em>. <br><br>Finally, Chapter 3, “<em>Incentivizing Inflation Expectations</em>”, questions the common methodology used to elicit household inflation expectations, which are crucial for economic modeling and policymaking. Despite the well-established role of incentives in experimental economics, all major surveys of inflation expectations pay a flat participation fee. This lack of marginal incentives extends to many information provision experiments—often designed as randomized controlled trials (RCTs). We introduce marginal incentives into a standard survey of inflation expectations, and find that marginal incentives significantly alter expectation distributions. Re- ported mean forecasts are lower, and cross-sectional disagreement diminishes. We even find that marginal incentives eliminate the gender expectations gap, a long-standing puzzle in the literature on expectations. Furthermore, in an embedded RCT, marginal incentives lead to greater responsiveness to information provision, contrasting with null effects under flat fees in times when attention to inflation is already heightened. These findings underscore the importance of marginal incentives in surveys and survey-based experiments to enhance data validity, strengthen empirical research, and better inform policymaking. This chapter is co-authored and benefited from competitive funding through a <em>British Academy/Leverhulme Small Research Grant</em>.","",""
0,"Li Tang, Pei Kuang, Carola Binder","Central Bank Communication and House Price Expectations",2025,"AEA Randomized Controlled Trials","","https://doi.org/10.1257/rct.15119","",115,"2026-02-04 12:30:38","dataset","10.1257/rct.15119","",,,,,,0,0.00,0,3,1,"","",""
0,"Pei Kuang, Michael Weber, Shihan Xie","Central Bank Communication with the Polarized Public",2025,"SSRN Electronic Journal","RELX Group (Netherlands)","https://doi.org/10.2139/ssrn.5163329","",116,"2026-02-04 12:30:38","preprint","10.2139/ssrn.5163329","1556-5068",,,,,,0,0.00,0,3,1,"","https://doi.org/10.2139/ssrn.5163329",""
0,"Michael Ehrmann, Dimitris Georgarakos, Geoff Kenny","Credibility gains from central bank communication with the public",2025,"European Economic Review","Elsevier BV","https://doi.org/10.1016/j.euroecorev.2025.105069","",117,"2026-02-04 12:30:38","article","10.1016/j.euroecorev.2025.105069","0014-2921",,177,,105069,105069,0,0.00,0,3,1,"","",""
0,"Ricardo J. Caballero, Alp Simsek","FCI-plot: Central Bank Communication Through Financial Conditions",2025,"","","https://doi.org/10.3386/w34325","",118,"2026-02-04 12:30:38","report","10.3386/w34325","",,,,,,0,0.00,0,2,1,"","https://doi.org/10.3386/w34325",""
0,"Kanupriya Madan, Amlendu Dubey","Tracing the Literature on Central Bank Communication: A Bibliometric Review",2025,"Bulletin of Monetary Economics and Banking","Bank Indonesia","https://doi.org/10.59091/2460-9196.2371","",119,"2026-02-04 12:30:38","article","10.59091/2460-9196.2371","1410-8046",,28,4,553,594,0,0.00,0,2,1,"This paper examines past and current research trends in central bank communication, as well as the thematic evolution and dominant themes in the field, through a bibliometric analysis of research works published in Scopus-indexed journals from 2006 to 2023. The study aims to map the intellectual structure of the field, identify key themes, and highlight influential work. Our key findings are as follows. First, the literature is classified into four primary domains: types of central bank communication, macroeconomic effects, communication channels, and analytical methodologies. Second, the main findings include the importance of formal communication, such as minutes of monetary policy meetings, in shaping market and economic expectations, and the increasing use of advanced textual analysis techniques. Additionally, despite efforts to engage with stakeholders via various channels such as speeches, press conferences, and social media, most research in this area focuses on formal monetary policy communication. Future research could explore informal central bank communication and the communication strategies of central banks in emerging markets.","https://bulletin.bmeb-bi.org/cgi/viewcontent.cgi?article=2371&context=bmeb",""
0,"José Namora, Luís Macedo","Sentiment and Policy Transmission: Deep Learning Analysis of European Central Bank Communication",2025,"SSRN Electronic Journal","RELX Group (Netherlands)","https://doi.org/10.2139/ssrn.5192898","",120,"2026-02-04 12:30:38","preprint","10.2139/ssrn.5192898","1556-5068",,,,,,0,0.00,0,2,1,"","https://doi.org/10.2139/ssrn.5192898",""
0,"Fatih Kansoy, Joel Mundy","Central Bank Communication with Public: Bank of England and Twitter (X)",2025,"SSRN Electronic Journal","RELX Group (Netherlands)","https://doi.org/10.2139/ssrn.5279225","",121,"2026-02-04 12:30:38","preprint","10.2139/ssrn.5279225","1556-5068",,,,,,0,0.00,0,2,1,"","https://doi.org/10.2139/ssrn.5279225",""
0,"Matthew Soosalu","Monetary Policy Surprises and Central Bank Communication in Canada",2025,"SSRN Electronic Journal","RELX Group (Netherlands)","https://doi.org/10.2139/ssrn.5297142","",122,"2026-02-04 12:30:38","preprint","10.2139/ssrn.5297142","1556-5068",,,,,,0,0.00,0,1,1,"","https://doi.org/10.2139/ssrn.5297142",""
0,"Utku Altunöz","Effects of Monetary Policy on Household Expectations: The Role of Homeownership and Tenancy in USA",2025,"","","https://doi.org/10.21203/rs.3.rs-7180599/v1","",123,"2026-02-04 12:30:38","preprint","10.21203/rs.3.rs-7180599/v1","",,,,,,0,0.00,0,1,1,"<title>Abstract</title> This paper investigates how monetary policy differentially affects household expectations based on homeownership status in the United States. While existing literature addresses the general transmission mechanisms of monetary policy, the heterogeneity in responses between homeowners and renters remains underexplored. Using microdata from the Michigan Consumer Survey (MSC) and the New York Federal Reserve’s Survey of Consumer Expectations (SCE), we analyze how interest rate changes influence expectations about inflation, labor market prospects, and financial decisions.Our findings reveal that homeowners exhibit stronger reactions to interest rate changes, primarily due to mortgage-related cost adjustments and housing wealth effects. Renters, by contrast, show more muted responses, with expectations largely shaped by employment conditions and rent inflation. By incorporating an econometric framework that accounts for ownership status and macro-financial variables, we offer new evidence on the distributional consequences of monetary policy. These insights underscore the importance of targeted central bank communication strategies that account for household heterogeneity in policy sensitivity.","https://www.researchsquare.com/article/rs-7180599/latest.pdf",""
0,"Adam Patterson, M Acosta, J Adair, M Apel, M Blix Grimaldi, I Hull, X Du, C Xiao, Y Li, M Farka, A Fleissig, E Fischer, R Mccaughrin, S Prazad, M Vandergon, T Guida, S Hansen, M Mcmahon, A Prat, J Harkrader, D Weitz, Y.-L Huang, C.-M Kuan, W Kim, J Sprer, S Handschuh, K Kirtac, G Germano, R Lamsal, M Read, S Karunasekera, D Lucca, E Moench, C Manfre, P Mazis, A Tsekrekos, E Osowska, P Wjcik, L Parisi, M Manaog, A Patterson, M Pfeifer, V Marohl, N Reimers, I Gurevych, C Rosa, C Rosa, A Salah, G Hayette, H Shakil, A Farooq, J Kalita, X Sun, Y Meng, X Ao, F Wu, T Zhang, J Li, C Fan, R Tadle, B Taskin, F Akal, D Thornton, D Van Veen, C Van Uden, L Blankemeier, J.-B Delbrouck, A Aali, C Bluethgen, A Pareek, M Polacin, E Reis, A Seehofnerov, N Rohatgi, P Hosamani, W Collins, N Ahuja, C Langlotz, J Hom, S Gatidis, J Pauly, A Chaudhari, J Venade, F Grilo, Q Xie, W Han, X Zhang, Y Lai, M Peng, A Lopez-Lira, J Huang, T Zhang, F Ladhak, E Durmus, P Liang, K Mckeown, T Hashimoto","Assessing the Alignment of FOMC Statements with Minutes using Large Language Models",2025,"Issues in Information Systems","","https://doi.org/10.48009/2_iis_108","",124,"2026-02-04 12:30:38","article","10.48009/2_iis_108","1529-7314",,,,,,0,0.00,0,97,1,"","https://doi.org/10.48009/2_iis_108",""
0,"Eduardo Dietrich Zimmermann","Central Bank Language as an Intuitive-Thinking Shock",2025,"Zenodo (CERN European Organization for Nuclear Research)","European Organization for Nuclear Research","https://doi.org/10.5281/zenodo.18038310","",125,"2026-02-04 12:30:38","preprint","10.5281/zenodo.18038310","",,,,,,0,0.00,0,1,1,"This repository contains the working paper “Central Bank Language as an Intuitive-Thinking Shock” and its full replication package. The paper develops and empirically tests the hypothesis that decisive central bank communication can act as an intuitive-thinking shock within a Dual-System Expectations (DSE) framework. It introduces a text-based measure of Decisive Language Intensity (DLI) constructed from FOMC statements and studies its effects on U.S. inflation expectations, distinguishing between households (University of Michigan Survey of Consumers) and professional forecasters (Survey of Professional Forecasters). The empirical analysis conditions on high-frequency monetary policy surprises and uses Newey–West inference and local projections. Results indicate that DLI is associated with modest but robust movements in household inflation expectations, with delayed dynamics and substantially weaker effects for professional forecasters, consistent with an intuitive-inference channel. The replication package includes cleaned data, code, regression outputs (CSV), and figures required to reproduce all results in the paper.","https://doi.org/10.5281/zenodo.18038310",""
0,"Mathupayas Thongmak","Do Universities Choose the Right Strategies for X Engagement? The Case of Six Universities in Thailand",2025,"Higher Learning Research Communications","Laureate Education","https://doi.org/10.18870/hlrc.v15i1.1512","",126,"2026-02-04 12:30:38","article","10.18870/hlrc.v15i1.1512","2157-6254",,15,1,,,0,0.00,0,1,1,"Objective: The purpose of this study is to understand how Thai public universities engage their stakeholders on X (the social media platform previously known as Twitter). This article answers the following research questions: 1) What are the X message strategies of six public universities? 2) Do they choose the most effective strategies to drive X engagement in terms of favorites and reposts? Method: Data was automatically collected using anX analytic tool, and the potential variables were extracted semi-automatically using tools appropriate to text mining, sentiment analysis, word cloud, and so on. Posts from six universities in Thailand were investigated. Results: The results show the keywords most often used by all universities and each university individually, the characteristics of posts at each university, and the influential factors embedded in posts employed by universities. The article suggests some revisions for each university’s strategy and guidessocial media administrators of Thai universities. Conclusions: Top keywords from six universities include day, university, university name, etc. Months a post remains accessible, message length, and media type (text) significantly impact favorites at more than half of all universities, while months a post remains accessible, message length, media type (text, video), and sentiment (neutral, negative) positively or negatively influence repostsat more than half of all universities. Implications: New factors, which have rarely been examined in the past, such as nouns or keywords in posts, are also studied. The study helps to understand and confirm the importance of different strategies for different target audiences.","https://scholarworks.waldenu.edu/cgi/viewcontent.cgi?article=1512&context=hlrc",""
0,"Mustafa Batuhan Tufaner, Nezir Köse, Ali Talih Süt","Is the action or discourse of the Central Bank of the Republic of Türkiye more effective on expected inflation?",2025,"Panoeconomicus","Economists' Association of Vojvodina","https://doi.org/10.2298/pan240405017t","",127,"2026-02-04 12:30:38","article","10.2298/pan240405017t","1452-595X",,,,17,17,0,0.00,0,3,1,"This study examines the effects of central bank discourse (tone index), action (policy rate), and actual inflation on expected inflation for T?rkiye using monthly data between 2020 and 2024 via the SVAR model. Empirical findings demonstrate that the tone index has a statistically significant negative effect on expected inflation for one month, while actual inflation has a statistically positive effect for two months. These results suggest that the CBRT?s discourse, rather than its action, has a greater impact on expected inflation in the short term. In addition, the findings indicate that actual inflation has a significant impact on expected inflation in the short run.","http://www.doiserbia.nb.rs/ft.aspx?id=1452-595X2500017T",""
0,"Christian Admin De la Huerta Avila","The Role of Clarity in Central Bank Communication: Evidence from a Small Open Economy",2025,"SSRN Electronic Journal","RELX Group (Netherlands)","https://doi.org/10.2139/ssrn.5248442","",128,"2026-02-04 12:30:38","preprint","10.2139/ssrn.5248442","1556-5068",,,,,,0,0.00,0,1,1,"","https://doi.org/10.2139/ssrn.5248442",""
0,"Antonin Bergeaud, Adam B. Jaffe, Dimitris Papanikolaou","Natural Language Processing and Innovation Research",2025,"","","https://doi.org/10.3386/w33821","",129,"2026-02-04 12:30:38","report","10.3386/w33821","",,,,,,0,0.00,0,3,1,"","https://doi.org/10.3386/w33821",""
0,"Nikoletta Poutachidou, CHRISTOS BARDAS, Stephanos Papadamou, Vasileios Vlachos","Central Bank Communication Channel International Evidence from Stock Market Indices",2025,"SSRN Electronic Journal","RELX Group (Netherlands)","https://doi.org/10.2139/ssrn.5252273","",130,"2026-02-04 12:30:38","preprint","10.2139/ssrn.5252273","1556-5068",,,,,,0,0.00,0,4,1,"","https://doi.org/10.2139/ssrn.5252273",""
0,"Reyadh Faras, Faleh Alshameri, Ahmad Bash","Extracting the Federal Reserve's priorities and transparency from FOMC statements using textual data mining tools",2025,"International Journal of Economics and Business Research","Inderscience Publishers","https://doi.org/10.1504/ijebr.2025.147532","",131,"2026-02-04 12:30:38","article","10.1504/ijebr.2025.147532","1756-9850",,29,15,23,46,0,0.00,0,3,1,"","https://www.inderscienceonline.com/doi/pdf/10.1504/IJEBR.2025.147532?download=true",""
0,"André Rehbein Sathler","Monetary Entropy and the Epistemic Limits of Economic Coordination: An Information-Theoretic Analysis",2025,"Preprints.org","","https://doi.org/10.20944/preprints202508.1335.v1","",132,"2026-02-04 12:30:38","preprint","10.20944/preprints202508.1335.v1","",,,,,,0,0.00,0,1,1,"This paper presents FAURAS framework (Formal Analytical Unified Restriction on Ac-cess to Simultaneity) that demonstrates how informational entropy creates fundamental epistemic barriers to economic coordination by imposing intrinsic limits on the simulta-neous processing and aggregation of dispersed information necessary for market clearing. We provide mathematically rigorous definitions of monetary entropy based on volatility distributions and derive the entropy-cognitive capacity relationship from infor-mation-theoretic principles, with complete formal verification in Lean 4 proof assistant ensuring mathematical soundness. Our theoretical framework proves that General Equi-librium becomes epistemically unattainable when entropy exceeds critical thresholds de-termined by system complexity, with formal impossibility theorems verified computa-tionally through theorem proving. Using entropy measures applied to comprehensive daily financial market data (2000-2023, n=8,309 daily observations), we validate theoreti-cal predictions through multi-dimensional entropy analysis capturing sectoral disper-sion, yield curve dynamics, and stress indicator alignment. The framework reveals en-hanced empirical support with theoretically grounded thresholds at H* = 0.5×ln(M) and H** = ln(M), where M represents market complexity. Our optimal entropy combination achieves predictive power for market stress with Granger-causal relationships extending 1-5 days ahead (p&amp;lt; 0.001). The cognitive capacity degradation follows K(t)=C·e(-λH(t)), where λ=ln(2)/Hcritical, providing precise quantification of information processing limitations with formal proofs establishing monotonicity, impossibility conditions, and critical threshold properties. These findings establish entropy monitoring as a scientifically grounded tool for systemic risk assessment, with immediate applications for central bank communica-tion strategies and financial stability policy, supported by rigorous mathematical founda-tions verified through computational theorem proving.","https://www.preprints.org/frontend/manuscript/54d171935a452904025f8b51ae321de1/download_pub",""
0,"Jing Zhang, Yanguang Cui, Yingdan Jin","Dynamic interaction between public trust and central bank communication",2025,"Economic Analysis and Policy","Elsevier BV","https://doi.org/10.1016/j.eap.2025.08.004","",133,"2026-02-04 12:30:38","article","10.1016/j.eap.2025.08.004","0313-5926",,87,,2146,2163,0,0.00,0,3,1,"","",""
0,"Johann Walter","Mehr als grün: Optionen einer nicht-neutralen Geldpolitik in der Eurozone",2025,"Wirtschaftsdienst","Springer Science+Business Media","https://doi.org/10.2478/wd-2025-0052","",134,"2026-02-04 12:30:38","article","10.2478/wd-2025-0052","0043-6275",,105,3,195,199,0,0.00,0,1,1,"Abstract There are more options for monetary policy in the eurozone than are often discussed. The paper argues that a monetary policy is possible that complies with the mandate of the ESCB: to support general economic policies in the EU as laid down in Article 3 TEU without prejudice to the objective of price stability. For this purpose, the ECB can pursue various objectives by simultaneously implementing several monetary policy programmes. Since those programmes can be realised in an inflation-neutral manner, the ECB can and should do more to assist with the creation of the multidimensional non-neutral monetary policy required by the ESCB mandate.","https://sciendo.com/pdf/10.2478/wd-2025-0052",""
0,"Manzoor Ahmed, Dr Huma Maqsood, Muhammad Ali, Sajid Mahmood","The Role of Central Banks in Managing Inflation and Financial Crises: Strategies, Challenges, and Global Case Perspectives",2025,"ACADEMIA International Journal for Social Sciences","","https://doi.org/10.63056/acad.004.01.0107","",135,"2026-02-04 12:30:38","article","10.63056/acad.004.01.0107","3006-6638",,4,1,575,596,0,0.00,0,4,1,"The central banking system is vital in controlling inflation and managing financial crises within any economy. This research uses a mixed-method approach to examine the measures, working experience, and international examples of the Central Bank Independence (CBI). The quantitative part process focuses on the historical variation in inflation rates, rates of interest, and other measures implemented by central banking institutions across various economies. Econometric modeling and time series analysis are used to determine the effects of monetary policies on inflation, GDP growth, and financial stability. The study also examines the effects of the Global Financial Crisis (GFC) and COVID-19 on various firms through qualitative case studies. By analyzing policy papers, committee proceedings, central banking reports, and expert interviews, the research offers valuable insights into innovative strategies, behavioural patterns, regulatory actions, and the potential downsides of monetary policy operations. Moreover, key monetary instruments; including interest rate cuts, Quantitative Easing (QE), and liquidity injections, are evaluated in terms of their effectiveness in mitigating recessions. The findings suggest that central banking institutions' proactive stance on inflation stabilization, combined with analytical measures can address challenges such as policy lags, market unpredictability, and geopolitical instability. From a methodological perspective, the research highlights the need for central banks (CBs) to base their decision-making on empirical evidence, with coordinated national and/or supranational monetary policies to address shocks and adapt to unpredictable changes. Thus, using empirical data and policy relevance, this study comprehensively analyzes central banking strategies and offers policy recommendations for development practitioners, economists, and financial institutions.","https://academia.edu.pk/index.php/Journals/article/download/107/209",""
0,"Eleftherios Bethmage","&lt;span&gt;Puppies or Policy:&amp;nbsp;&lt;/span&gt;&lt;span&gt;Measuring Household (In)Attention&amp;nbsp;&lt;/span&gt;&lt;span&gt;to Central Bank Communication&lt;/span&gt;",2025,"SSRN Electronic Journal","RELX Group (Netherlands)","https://doi.org/10.2139/ssrn.5076585","",136,"2026-02-04 12:30:38","preprint","10.2139/ssrn.5076585","1556-5068",,,,,,0,0.00,0,1,1,"","https://doi.org/10.2139/ssrn.5076585",""
0,"Daqing Tian, Zhongjian Feng, Ran Jiang","A contrastive deep learning framework for measuring central bank monetary policy scores",2025,"International Journal of Financial Engineering","World Scientific","https://doi.org/10.1142/s242478632550015x","",137,"2026-02-04 12:30:38","article","10.1142/s242478632550015x","2424-7863",,12,3,,,0,0.00,0,3,1,"Machine learning and deep learning algorithms have recently been applied to analyze central bank communication texts, thereby providing valuable insights for financial market forecasting. However, as most deep learning methods require thousands or even more training examples, data scarcity often stands in the way when dealing with monetary policy report texts, especially for central banks in developing countries, which communicate their policies less frequently. To address this, we propose a contrastive deep learning framework designed to operate efficiently with small datasets. Despite being trained on fewer than 200 training samples, excellent performance was demonstrated by applying this modeling framework in two scenarios: Measuring China’s central bank monetary report’s hawkish-dovish score and predicting its next quarter’s tightening-easing moves.","",""
0,"Alexander Jung, Francesco Paolo Mongelli","Central bank communication with non-experts: Insights from a randomized field experiment",2025,"Econstor (Econstor)","","https://hdl.handle.net/10419/334988","",138,"2026-02-04 12:30:38","other","10.2866/1479796","",,,,,,0,0.00,0,2,1,"We conducted a randomized field experiment to investigate the impact of direct central bank communication on the monetary policy knowledge and expectations of non-experts. Between 2022 and 2025, at the ECB Visitor Centre, we exposed nearly 5,000 participants from diverse visitor groups to policy briefings, similar to the communication at ECB press conferences. The random assignment of participants to treatment, placebo, or control groups created exogenous variation in the information they received. We implemented a new survey to gain insights into participants' monetary policy knowledge, as well as their inflation and growth expectations, both before and after the information treatment. This approach enabled us to explore how knowledge and trust influence the economic expectations of non-experts. Our findings indicate that treated individuals improved their monetary policy knowledge and developed a better understanding of the ECB's inflation target, which proved to be a key factor in explaining why a substantial share of treated non-experts revised their medium-term inflation expectations, aligning them with the inflation target. However, the improved understanding of monetary policy did not lead to systematic revisions in their economic growth expectations. Removing potential language barriers amplified the effects of direct communication on monetary policy knowledge and individual inflation expectations, confirming the importance of addressing citizens in their native language.","",""
0,"Fatih Kansoy, Joel Mundy","Central Bank Communication with Public: Bank of England and Twitter (X)",2025,"arXiv (Cornell University)","Cornell University","http://arxiv.org/abs/2506.02559","",139,"2026-02-04 12:30:38","preprint","10.48550/arxiv.2506.02559","",,,,,,0,0.00,0,2,1,"Central banks increasingly use social media to communicate beyond financial markets, yet evidence on public engagement effectiveness remains limited. Despite 113 central banks joining Twitter between 2008 and 2018, we lack understanding of what drives audience interaction with their content. To examine engagement determinants, we analyzed 3.13 million tweets mentioning the Bank of England from 2007 to 2022, including 9,810 official posts. We investigate posting patterns, measure engagement elasticity, and identify content characteristics predicting higher interaction. The Bank's posting schedule misaligns with peak audience engagement times, with evening hours generating the highest interaction despite minimal posting. Cultural content, such as the Alan Turing 50 pound note, achieved 1,300 times higher engagement than routine policy communications. Engagement elasticity averaged 1.095 with substantial volatility during events like Brexit, contrasting with the Federal Reserve's stability. Media content dramatically increased engagement: videos by 1,700 percent, photos by 126 percent, while monetary policy announcements and readability significantly enhanced all metrics. Content quality and timing matter more than posting frequency for effective central bank communication. These findings suggest central banks should prioritize accessible, media-rich content during high-attention periods rather than increasing volume, with implications for digital communication strategies in fulfilling public transparency mandates.","https://arxiv.org/pdf/2506.02559",""
0,"Jaromír Baxa, Nino Buliskeria, Jiří Schwarz, Ali Elminejad","Central bank communication and Inflation expectations after high inflation",2025,"AEA Randomized Controlled Trials","","https://doi.org/10.1257/rct.16769-1.1","",140,"2026-02-04 12:30:38","dataset","10.1257/rct.16769-1.1","",,,,,,0,0.00,0,4,1,"","",""
0,"Paul Hubert, Rose Portier","The Signaling Effects of Tightening and Easing Monetary Policy",2025,"HAL (Le Centre pour la Communication Scientifique Directe)","Centre National de la Recherche Scientifique","https://sciencespo.hal.science/hal-05097460","",141,"2026-02-04 12:30:38","preprint","","",,,,,,0,0.00,0,2,1,"This paper establishes the asymmetric transmission of monetary policy to euro area nominal yields. We document that the effect of easing monetary surprises is stronger than the effect of monetary tightening. The asymmetry holds beyond the nonlinearities related to the economic or financial environment and does not stem from information effects. We provide evidence that this asymmetry is driven by signals about the future policy path. Decomposing euro area interest rates between common and country-specific components, we show that the common component, likely capturing expectations of future short-term rates, generates the differentiated effects, and risk premium signals amplify the asymmetry. Using textual analysis to extract policymakers’ signals about the future monetary policy space from press conferences, we find that central bank communication can affect this asymmetric transmission to yields. Our results suggest a key role for the signaling channel in determining longterm interest rates.","",""
0,"Jaromír Baxa, Nino Buliskeria, Jiří Schwarz, Ali Elminejad","Central bank communication and Inflation expectations after high inflation",2025,"AEA Randomized Controlled Trials","","https://doi.org/10.1257/rct.16769-1.0","",142,"2026-02-04 12:30:38","dataset","10.1257/rct.16769-1.0","",,,,,,0,0.00,0,4,1,"","",""
0,"Yuying Jin, S. Xia","Can Central Bank Communication Guide Individuals' Expectations About the Macroeconomy? Evidence From a Randomized Information Experiment in China",2025,"International Studies of Economics","Wiley","https://doi.org/10.1002/ise3.70006","",143,"2026-02-04 12:30:38","article","10.1002/ise3.70006","2831-3224",,,,,,0,0.00,0,2,1,"ABSTRACT Communication with the market to guide public expectations has become a pivotal monetary policy instrument for central banks worldwide. Therefore, assessing the efficacy of communication in influencing personal expectations is essential for central banks. To examine the effectiveness of communication by the People's Bank of China (PBC), we conduct a randomized experiment in which subjects receive excerpts from China's Monetary Policy Implementation Report (MPIR) for the third quarter of 2022 as information interventions. This study exploits the exogenous variation generated by the treatment to explore how central bank communication influences individuals' expectations regarding the macroeconomy. The key findings are as follows: First, positive communication from the central bank can steer individuals' expectations about the likelihood of a recession in line with the central bank's objectives, and this effect is more pronounced among those who read financial news less frequently. Second, clear and specific retrospective communication is more effective in guiding expectations about the macroeconomy than vague and complex forward‐looking communication. Third, PBC communication affects individuals' consumption plans, supporting the central bank's economic growth objectives.","https://onlinelibrary.wiley.com/doi/pdfdirect/10.1002/ise3.70006",""
